product_id,store_id,stock_quantity,reorder_level
PRD00001,ST001,25,50
PRD00001,ST002,211,50
PRD00001,ST005,72,50
PRD00001,ST006,42,50
PRD00001,ST007,167,50
PRD00001,ST008,432,50
PRD00001,ST010,75,50
PRD00002,ST001,6,50
PRD00002,ST003,325,50
PRD00002,ST005,112,50
PRD00002,ST006,448,50
PRD00002,ST008,38,50
PRD00002,ST010,483,50
PRD00003,ST001,339,50
PRD00003,ST002,192,50
PRD00003,ST003,415,50
PRD00003,ST004,92,50
PRD00003,ST006,233,50
PRD00003,ST009,247,50
PRD00003,ST010,356,50
PRD00004,ST001,67,50
PRD00004,ST002,481,50
PRD00004,ST003,4,50
PRD00004,ST004,123,50
PRD00004,ST005,229,50
PRD00004,ST007,415,50
PRD00004,ST008,434,50
PRD00004,ST009,119,50
PRD00004,ST010,442,50
PRD00005,ST001,12,50
PRD00005,ST002,233,50
PRD00005,ST004,142,50
PRD00005,ST006,399,50
PRD00005,ST007,304,50
PRD00005,ST008,456,50
PRD00005,ST010,495,50
PRD00006,ST002,131,50
PRD00006,ST004,285,50
PRD00006,ST005,166,50
PRD00006,ST007,475,50
PRD00006,ST008,490,50
PRD00006,ST009,100,50
PRD00006,ST010,169,50
PRD00007,ST001,320,50
PRD00007,ST004,488,50
PRD00007,ST006,372,50
PRD00007,ST007,486,50
PRD00007,ST008,5,50
PRD00007,ST009,438,50
PRD00007,ST010,488,50
PRD00008,ST001,175,50
PRD00008,ST002,87,50
PRD00008,ST003,475,50
PRD00008,ST004,331,50
PRD00008,ST005,225,50
PRD00008,ST006,158,50
PRD00008,ST007,312,50
PRD00008,ST008,183,50
PRD00008,ST010,420,50
PRD00009,ST001,186,50
PRD00009,ST002,399,50
PRD00009,ST004,412,50
PRD00009,ST006,288,50
PRD00009,ST007,479,50
PRD00009,ST008,424,50
PRD00009,ST009,398,50
PRD00009,ST010,42,50
PRD00010,ST001,95,50
PRD00010,ST002,230,50
PRD00010,ST003,457,50
PRD00010,ST005,287,50
PRD00010,ST006,48,50
PRD00010,ST008,469,50
PRD00011,ST001,266,50
PRD00011,ST002,27,50
PRD00011,ST003,247,50
PRD00011,ST005,254,50
PRD00011,ST007,7,50
PRD00011,ST008,128,50
PRD00011,ST009,492,50
PRD00012,ST001,302,50
PRD00012,ST002,176,50
PRD00012,ST003,5,50
PRD00012,ST004,489,50
PRD00012,ST005,160,50
PRD00012,ST007,363,50
PRD00012,ST008,317,50
PRD00012,ST010,223,50
PRD00013,ST002,178,50
PRD00013,ST004,446,50
PRD00013,ST005,105,50
PRD00013,ST006,67,50
PRD00013,ST007,490,50
PRD00013,ST008,331,50
PRD00013,ST010,125,50
PRD00014,ST001,61,50
PRD00014,ST002,364,50
PRD00014,ST003,400,50
PRD00014,ST004,410,50
PRD00014,ST005,491,50
PRD00014,ST006,180,50
PRD00014,ST007,207,50
PRD00014,ST008,181,50
PRD00014,ST009,260,50
PRD00014,ST010,276,50
PRD00015,ST001,274,50
PRD00015,ST004,453,50
PRD00015,ST005,5,50
PRD00015,ST006,479,50
PRD00015,ST007,426,50
PRD00015,ST008,68,50
PRD00015,ST009,205,50
PRD00015,ST010,310,50
PRD00016,ST002,439,50
PRD00016,ST003,380,50
PRD00016,ST005,428,50
PRD00016,ST006,206,50
PRD00016,ST009,302,50
PRD00016,ST010,15,50
PRD00017,ST001,355,50
PRD00017,ST002,468,50
PRD00017,ST003,33,50
PRD00017,ST004,267,50
PRD00017,ST005,36,50
PRD00017,ST006,171,50
PRD00017,ST008,405,50
PRD00017,ST009,487,50
PRD00017,ST010,434,50
PRD00018,ST001,337,50
PRD00018,ST002,372,50
PRD00018,ST003,274,50
PRD00018,ST004,81,50
PRD00018,ST005,384,50
PRD00018,ST008,195,50
PRD00018,ST009,218,50
PRD00019,ST001,293,50
PRD00019,ST002,457,50
PRD00019,ST003,43,50
PRD00019,ST004,194,50
PRD00019,ST005,250,50
PRD00019,ST006,313,50
PRD00019,ST008,254,50
PRD00019,ST009,322,50
PRD00019,ST010,195,50
PRD00020,ST001,181,50
PRD00020,ST002,429,50
PRD00020,ST003,361,50
PRD00020,ST004,424,50
PRD00020,ST005,164,50
PRD00020,ST006,59,50
PRD00020,ST007,165,50
PRD00020,ST009,484,50
PRD00020,ST010,364,50
PRD00021,ST002,69,50
PRD00021,ST004,290,50
PRD00021,ST005,339,50
PRD00021,ST006,498,50
PRD00021,ST007,195,50
PRD00021,ST008,135,50
PRD00021,ST009,112,50
PRD00021,ST010,440,50
PRD00022,ST001,349,50
PRD00022,ST002,180,50
PRD00022,ST004,477,50
PRD00022,ST007,150,50
PRD00022,ST009,84,50
PRD00022,ST010,401,50
PRD00023,ST001,384,50
PRD00023,ST003,156,50
PRD00023,ST005,173,50
PRD00023,ST008,395,50
PRD00023,ST010,412,50
PRD00024,ST001,93,50
PRD00024,ST002,310,50
PRD00024,ST003,392,50
PRD00024,ST004,145,50
PRD00024,ST005,118,50
PRD00024,ST006,260,50
PRD00024,ST007,67,50
PRD00024,ST008,430,50
PRD00024,ST009,292,50
PRD00025,ST001,405,50
PRD00025,ST004,346,50
PRD00025,ST005,321,50
PRD00025,ST007,89,50
PRD00025,ST009,107,50
PRD00026,ST001,68,50
PRD00026,ST004,10,50
PRD00026,ST006,359,50
PRD00026,ST007,452,50
PRD00026,ST008,82,50
PRD00026,ST010,14,50
PRD00027,ST002,77,50
PRD00027,ST003,154,50
PRD00027,ST005,183,50
PRD00027,ST006,379,50
PRD00027,ST007,301,50
PRD00027,ST008,257,50
PRD00027,ST009,314,50
PRD00027,ST010,47,50
PRD00028,ST003,174,50
PRD00028,ST004,27,50
PRD00028,ST006,89,50
PRD00028,ST007,439,50
PRD00028,ST008,30,50
PRD00028,ST009,441,50
PRD00028,ST010,343,50
PRD00029,ST001,248,50
PRD00029,ST003,386,50
PRD00029,ST005,17,50
PRD00029,ST009,223,50
PRD00030,ST001,453,50
PRD00030,ST002,62,50
PRD00030,ST005,245,50
PRD00030,ST007,116,50
PRD00030,ST008,480,50
PRD00030,ST009,235,50
PRD00030,ST010,231,50
PRD00031,ST001,387,50
PRD00031,ST005,302,50
PRD00031,ST009,450,50
PRD00031,ST010,468,50
PRD00032,ST004,337,50
PRD00032,ST005,273,50
PRD00032,ST006,374,50
PRD00032,ST007,47,50
PRD00032,ST008,40,50
PRD00032,ST009,65,50
PRD00032,ST010,32,50
PRD00033,ST003,356,50
PRD00033,ST004,2,50
PRD00033,ST005,278,50
PRD00033,ST006,342,50
PRD00033,ST007,343,50
PRD00033,ST008,266,50
PRD00033,ST009,119,50
PRD00034,ST001,115,50
PRD00034,ST002,272,50
PRD00034,ST003,333,50
PRD00034,ST004,2,50
PRD00034,ST006,229,50
PRD00034,ST008,213,50
PRD00034,ST009,239,50
PRD00034,ST010,207,50
PRD00035,ST002,428,50
PRD00035,ST003,411,50
PRD00035,ST004,281,50
PRD00035,ST005,5,50
PRD00035,ST006,273,50
PRD00035,ST007,151,50
PRD00035,ST008,467,50
PRD00035,ST009,52,50
PRD00036,ST003,188,50
PRD00036,ST006,212,50
PRD00036,ST007,261,50
PRD00036,ST008,255,50
PRD00036,ST009,296,50
PRD00036,ST010,8,50
PRD00037,ST001,258,50
PRD00037,ST002,77,50
PRD00037,ST005,120,50
PRD00037,ST006,283,50
PRD00037,ST007,31,50
PRD00037,ST008,265,50
PRD00037,ST010,203,50
PRD00038,ST002,482,50
PRD00038,ST004,443,50
PRD00038,ST005,50,50
PRD00038,ST006,120,50
PRD00038,ST007,400,50
PRD00038,ST010,124,50
PRD00039,ST003,51,50
PRD00039,ST004,177,50
PRD00039,ST005,16,50
PRD00039,ST006,375,50
PRD00039,ST008,274,50
PRD00039,ST009,441,50
PRD00040,ST001,277,50
PRD00040,ST002,475,50
PRD00040,ST003,271,50
PRD00040,ST004,476,50
PRD00040,ST005,495,50
PRD00040,ST006,491,50
PRD00040,ST007,88,50
PRD00040,ST008,176,50
PRD00040,ST009,122,50
PRD00040,ST010,27,50
PRD00041,ST001,240,50
PRD00041,ST002,209,50
PRD00041,ST003,494,50
PRD00041,ST008,100,50
PRD00041,ST010,167,50
PRD00042,ST002,303,50
PRD00042,ST003,77,50
PRD00042,ST005,293,50
PRD00042,ST006,410,50
PRD00042,ST007,422,50
PRD00042,ST008,476,50
PRD00042,ST010,330,50
PRD00043,ST001,48,50
PRD00043,ST002,287,50
PRD00043,ST003,433,50
PRD00043,ST004,249,50
PRD00043,ST005,84,50
PRD00043,ST006,401,50
PRD00043,ST008,347,50
PRD00043,ST010,328,50
PRD00044,ST001,238,50
PRD00044,ST003,7,50
PRD00044,ST004,158,50
PRD00044,ST005,250,50
PRD00044,ST006,192,50
PRD00044,ST007,258,50
PRD00044,ST008,368,50
PRD00044,ST009,365,50
PRD00044,ST010,388,50
PRD00045,ST001,303,50
PRD00045,ST003,338,50
PRD00045,ST004,14,50
PRD00045,ST005,135,50
PRD00045,ST006,242,50
PRD00045,ST007,448,50
PRD00045,ST008,158,50
PRD00045,ST009,45,50
PRD00045,ST010,137,50
PRD00046,ST001,16,50
PRD00046,ST003,121,50
PRD00046,ST004,19,50
PRD00046,ST005,66,50
PRD00046,ST008,319,50
PRD00046,ST009,255,50
PRD00046,ST010,142,50
PRD00047,ST001,163,50
PRD00047,ST004,174,50
PRD00047,ST005,117,50
PRD00047,ST006,7,50
PRD00047,ST007,414,50
PRD00047,ST009,200,50
PRD00047,ST010,217,50
PRD00048,ST001,362,50
PRD00048,ST002,57,50
PRD00048,ST003,10,50
PRD00048,ST004,127,50
PRD00048,ST006,49,50
PRD00048,ST007,8,50
PRD00048,ST008,112,50
PRD00048,ST009,87,50
PRD00048,ST010,436,50
PRD00049,ST001,389,50
PRD00049,ST002,460,50
PRD00049,ST003,451,50
PRD00049,ST004,49,50
PRD00049,ST006,418,50
PRD00049,ST007,80,50
PRD00049,ST008,26,50
PRD00049,ST009,307,50
PRD00049,ST010,196,50
PRD00050,ST001,3,50
PRD00050,ST002,259,50
PRD00050,ST003,86,50
PRD00050,ST004,199,50
PRD00050,ST005,437,50
PRD00050,ST007,208,50
PRD00050,ST008,211,50
PRD00051,ST002,131,50
PRD00051,ST003,476,50
PRD00051,ST005,222,50
PRD00051,ST006,25,50
PRD00051,ST007,342,50
PRD00052,ST001,239,50
PRD00052,ST002,153,50
PRD00052,ST003,342,50
PRD00052,ST006,36,50
PRD00052,ST007,173,50
PRD00052,ST008,149,50
PRD00052,ST009,366,50
PRD00052,ST010,301,50
PRD00053,ST001,404,50
PRD00053,ST002,494,50
PRD00053,ST004,71,50
PRD00053,ST005,269,50
PRD00053,ST006,270,50
PRD00053,ST009,376,50
PRD00053,ST010,494,50
PRD00054,ST002,211,50
PRD00054,ST003,420,50
PRD00054,ST004,381,50
PRD00054,ST005,264,50
PRD00054,ST006,130,50
PRD00054,ST007,69,50
PRD00054,ST008,480,50
PRD00054,ST009,147,50
PRD00054,ST010,171,50
PRD00055,ST006,248,50
PRD00055,ST007,149,50
PRD00055,ST008,238,50
PRD00055,ST009,282,50
PRD00055,ST010,358,50
PRD00056,ST001,478,50
PRD00056,ST002,347,50
PRD00056,ST003,87,50
PRD00056,ST004,459,50
PRD00056,ST005,274,50
PRD00056,ST006,79,50
PRD00056,ST007,106,50
PRD00056,ST008,399,50
PRD00056,ST009,201,50
PRD00057,ST001,140,50
PRD00057,ST002,191,50
PRD00057,ST003,466,50
PRD00057,ST004,149,50
PRD00057,ST006,52,50
PRD00057,ST007,121,50
PRD00057,ST008,455,50
PRD00057,ST009,303,50
PRD00057,ST010,3,50
PRD00058,ST002,77,50
PRD00058,ST004,468,50
PRD00058,ST005,276,50
PRD00058,ST007,195,50
PRD00058,ST009,136,50
PRD00059,ST001,494,50
PRD00059,ST002,235,50
PRD00059,ST007,85,50
PRD00059,ST009,385,50
PRD00059,ST010,134,50
PRD00060,ST001,123,50
PRD00060,ST004,214,50
PRD00060,ST005,166,50
PRD00060,ST007,70,50
PRD00060,ST008,208,50
PRD00060,ST009,270,50
PRD00061,ST003,83,50
PRD00061,ST005,339,50
PRD00061,ST006,314,50
PRD00061,ST008,81,50
PRD00061,ST010,121,50
PRD00062,ST001,476,50
PRD00062,ST002,125,50
PRD00062,ST003,368,50
PRD00062,ST004,209,50
PRD00062,ST006,69,50
PRD00062,ST009,477,50
PRD00062,ST010,353,50
PRD00063,ST001,472,50
PRD00063,ST002,39,50
PRD00063,ST003,56,50
PRD00063,ST004,67,50
PRD00063,ST005,6,50
PRD00063,ST006,244,50
PRD00063,ST007,6,50
PRD00063,ST008,52,50
PRD00063,ST009,331,50
PRD00064,ST001,122,50
PRD00064,ST002,109,50
PRD00064,ST003,79,50
PRD00064,ST004,391,50
PRD00064,ST006,283,50
PRD00064,ST008,131,50
PRD00064,ST010,360,50
PRD00065,ST002,496,50
PRD00065,ST005,250,50
PRD00065,ST006,300,50
PRD00065,ST007,130,50
PRD00065,ST008,258,50
PRD00065,ST009,453,50
PRD00065,ST010,456,50
PRD00066,ST003,174,50
PRD00066,ST004,122,50
PRD00066,ST005,199,50
PRD00066,ST006,126,50
PRD00066,ST007,293,50
PRD00066,ST010,381,50
PRD00067,ST002,67,50
PRD00067,ST003,413,50
PRD00067,ST004,409,50
PRD00067,ST006,326,50
PRD00067,ST007,343,50
PRD00067,ST008,173,50
PRD00067,ST009,170,50
PRD00067,ST010,80,50
PRD00068,ST003,383,50
PRD00068,ST005,338,50
PRD00068,ST006,61,50
PRD00068,ST009,148,50
PRD00068,ST010,432,50
PRD00069,ST001,32,50
PRD00069,ST002,433,50
PRD00069,ST003,119,50
PRD00069,ST004,394,50
PRD00069,ST005,337,50
PRD00069,ST006,166,50
PRD00069,ST007,387,50
PRD00069,ST009,128,50
PRD00069,ST010,358,50
PRD00070,ST002,261,50
PRD00070,ST003,258,50
PRD00070,ST005,139,50
PRD00070,ST006,38,50
PRD00070,ST007,20,50
PRD00070,ST009,262,50
PRD00071,ST001,164,50
PRD00071,ST002,486,50
PRD00071,ST003,390,50
PRD00071,ST004,126,50
PRD00071,ST007,285,50
PRD00071,ST010,436,50
PRD00072,ST001,120,50
PRD00072,ST002,272,50
PRD00072,ST006,476,50
PRD00072,ST009,392,50
PRD00072,ST010,41,50
PRD00073,ST001,220,50
PRD00073,ST002,355,50
PRD00073,ST005,487,50
PRD00073,ST006,26,50
PRD00073,ST007,362,50
PRD00073,ST008,68,50
PRD00073,ST009,425,50
PRD00074,ST001,24,50
PRD00074,ST002,1,50
PRD00074,ST004,352,50
PRD00074,ST005,451,50
PRD00074,ST006,245,50
PRD00074,ST009,280,50
PRD00074,ST010,202,50
PRD00075,ST001,276,50
PRD00075,ST003,269,50
PRD00075,ST005,449,50
PRD00075,ST006,214,50
PRD00075,ST007,213,50
PRD00075,ST009,92,50
PRD00075,ST010,73,50
PRD00076,ST001,151,50
PRD00076,ST002,303,50
PRD00076,ST003,219,50
PRD00076,ST004,376,50
PRD00076,ST005,210,50
PRD00076,ST007,84,50
PRD00076,ST008,360,50
PRD00076,ST009,54,50
PRD00076,ST010,487,50
PRD00077,ST001,391,50
PRD00077,ST003,216,50
PRD00077,ST004,17,50
PRD00077,ST007,303,50
PRD00077,ST008,73,50
PRD00077,ST009,77,50
PRD00078,ST001,133,50
PRD00078,ST002,318,50
PRD00078,ST003,274,50
PRD00078,ST004,27,50
PRD00078,ST005,153,50
PRD00078,ST006,297,50
PRD00078,ST007,65,50
PRD00078,ST008,373,50
PRD00078,ST009,302,50
PRD00078,ST010,331,50
PRD00079,ST001,186,50
PRD00079,ST003,472,50
PRD00079,ST005,436,50
PRD00079,ST007,243,50
PRD00079,ST008,319,50
PRD00079,ST009,409,50
PRD00080,ST001,117,50
PRD00080,ST002,270,50
PRD00080,ST003,373,50
PRD00080,ST004,384,50
PRD00080,ST005,177,50
PRD00080,ST007,114,50
PRD00080,ST009,96,50
PRD00080,ST010,260,50
PRD00081,ST001,370,50
PRD00081,ST002,115,50
PRD00081,ST003,384,50
PRD00081,ST004,25,50
PRD00081,ST005,293,50
PRD00081,ST007,307,50
PRD00081,ST008,482,50
PRD00081,ST009,244,50
PRD00081,ST010,187,50
PRD00082,ST001,491,50
PRD00082,ST002,411,50
PRD00082,ST003,389,50
PRD00082,ST004,147,50
PRD00082,ST005,138,50
PRD00082,ST006,409,50
PRD00082,ST007,188,50
PRD00082,ST008,92,50
PRD00082,ST010,144,50
PRD00083,ST001,434,50
PRD00083,ST002,98,50
PRD00083,ST006,348,50
PRD00083,ST007,177,50
PRD00083,ST008,41,50
PRD00083,ST009,307,50
PRD00083,ST010,290,50
PRD00084,ST001,359,50
PRD00084,ST002,355,50
PRD00084,ST003,266,50
PRD00084,ST005,381,50
PRD00084,ST006,66,50
PRD00084,ST007,92,50
PRD00084,ST009,210,50
PRD00085,ST001,310,50
PRD00085,ST004,381,50
PRD00085,ST005,344,50
PRD00085,ST006,364,50
PRD00085,ST007,134,50
PRD00086,ST001,42,50
PRD00086,ST002,59,50
PRD00086,ST003,331,50
PRD00086,ST004,281,50
PRD00086,ST006,25,50
PRD00086,ST007,326,50
PRD00086,ST008,444,50
PRD00086,ST009,246,50
PRD00086,ST010,470,50
PRD00087,ST002,458,50
PRD00087,ST003,484,50
PRD00087,ST004,313,50
PRD00087,ST006,442,50
PRD00087,ST007,265,50
PRD00087,ST009,77,50
PRD00088,ST001,277,50
PRD00088,ST002,392,50
PRD00088,ST004,226,50
PRD00088,ST005,360,50
PRD00088,ST006,402,50
PRD00088,ST007,164,50
PRD00088,ST008,311,50
PRD00088,ST009,15,50
PRD00088,ST010,133,50
PRD00089,ST002,138,50
PRD00089,ST003,350,50
PRD00089,ST004,330,50
PRD00089,ST005,435,50
PRD00089,ST006,453,50
PRD00089,ST007,235,50
PRD00089,ST009,256,50
PRD00089,ST010,422,50
PRD00090,ST001,193,50
PRD00090,ST002,243,50
PRD00090,ST005,223,50
PRD00090,ST006,235,50
PRD00090,ST007,455,50
PRD00090,ST010,320,50
PRD00091,ST001,18,50
PRD00091,ST005,130,50
PRD00091,ST007,324,50
PRD00091,ST008,129,50
PRD00091,ST009,324,50
PRD00091,ST010,327,50
PRD00092,ST003,40,50
PRD00092,ST004,136,50
PRD00092,ST005,94,50
PRD00092,ST006,223,50
PRD00092,ST007,478,50
PRD00092,ST008,415,50
PRD00092,ST009,339,50
PRD00093,ST001,316,50
PRD00093,ST002,23,50
PRD00093,ST004,134,50
PRD00093,ST005,454,50
PRD00093,ST006,317,50
PRD00093,ST009,136,50
PRD00093,ST010,197,50
PRD00094,ST002,394,50
PRD00094,ST004,153,50
PRD00094,ST005,83,50
PRD00094,ST007,264,50
PRD00094,ST009,104,50
PRD00094,ST010,64,50
PRD00095,ST001,73,50
PRD00095,ST002,399,50
PRD00095,ST003,180,50
PRD00095,ST006,236,50
PRD00095,ST007,402,50
PRD00095,ST009,207,50
PRD00095,ST010,425,50
PRD00096,ST001,310,50
PRD00096,ST002,230,50
PRD00096,ST003,477,50
PRD00096,ST004,109,50
PRD00096,ST005,269,50
PRD00096,ST006,342,50
PRD00096,ST007,197,50
PRD00096,ST008,167,50
PRD00096,ST010,231,50
PRD00097,ST002,378,50
PRD00097,ST003,263,50
PRD00097,ST005,207,50
PRD00097,ST006,495,50
PRD00097,ST007,459,50
PRD00097,ST009,162,50
PRD00097,ST010,137,50
PRD00098,ST001,113,50
PRD00098,ST002,128,50
PRD00098,ST003,160,50
PRD00098,ST004,166,50
PRD00098,ST006,10,50
PRD00098,ST007,205,50
PRD00098,ST008,485,50
PRD00098,ST010,115,50
PRD00099,ST001,282,50
PRD00099,ST002,171,50
PRD00099,ST003,261,50
PRD00099,ST004,96,50
PRD00099,ST006,358,50
PRD00099,ST007,257,50
PRD00099,ST008,138,50
PRD00099,ST009,312,50
PRD00100,ST003,108,50
PRD00100,ST005,363,50
PRD00100,ST006,280,50
PRD00100,ST007,290,50
PRD00100,ST008,458,50
PRD00100,ST009,336,50
PRD00100,ST010,340,50
PRD00101,ST001,342,50
PRD00101,ST002,176,50
PRD00101,ST003,111,50
PRD00101,ST004,284,50
PRD00101,ST005,399,50
PRD00101,ST007,347,50
PRD00101,ST008,9,50
PRD00102,ST002,424,50
PRD00102,ST003,449,50
PRD00102,ST006,381,50
PRD00102,ST007,129,50
PRD00102,ST009,441,50
PRD00102,ST010,162,50
PRD00103,ST001,183,50
PRD00103,ST003,229,50
PRD00103,ST005,189,50
PRD00103,ST006,355,50
PRD00103,ST007,313,50
PRD00103,ST008,113,50
PRD00103,ST010,21,50
PRD00104,ST001,439,50
PRD00104,ST002,173,50
PRD00104,ST003,331,50
PRD00104,ST004,166,50
PRD00104,ST005,74,50
PRD00104,ST006,202,50
PRD00104,ST007,468,50
PRD00104,ST008,344,50
PRD00104,ST010,41,50
PRD00105,ST002,162,50
PRD00105,ST003,424,50
PRD00105,ST005,377,50
PRD00105,ST007,23,50
PRD00105,ST008,461,50
PRD00105,ST009,334,50
PRD00105,ST010,102,50
PRD00106,ST001,243,50
PRD00106,ST003,173,50
PRD00106,ST004,79,50
PRD00106,ST006,64,50
PRD00106,ST007,327,50
PRD00106,ST008,218,50
PRD00106,ST010,438,50
PRD00107,ST001,330,50
PRD00107,ST002,62,50
PRD00107,ST004,342,50
PRD00107,ST005,441,50
PRD00107,ST006,435,50
PRD00107,ST008,281,50
PRD00107,ST009,195,50
PRD00107,ST010,475,50
PRD00108,ST002,16,50
PRD00108,ST004,251,50
PRD00108,ST005,123,50
PRD00108,ST006,3,50
PRD00108,ST009,27,50
PRD00109,ST001,79,50
PRD00109,ST004,465,50
PRD00109,ST005,140,50
PRD00109,ST007,73,50
PRD00109,ST008,114,50
PRD00109,ST009,36,50
PRD00109,ST010,102,50
PRD00110,ST001,350,50
PRD00110,ST002,91,50
PRD00110,ST003,276,50
PRD00110,ST004,4,50
PRD00110,ST005,102,50
PRD00110,ST007,122,50
PRD00110,ST008,294,50
PRD00110,ST010,292,50
PRD00111,ST001,9,50
PRD00111,ST002,31,50
PRD00111,ST003,297,50
PRD00111,ST004,361,50
PRD00111,ST005,447,50
PRD00111,ST006,416,50
PRD00111,ST009,95,50
PRD00111,ST010,387,50
PRD00112,ST001,367,50
PRD00112,ST002,92,50
PRD00112,ST003,360,50
PRD00112,ST004,61,50
PRD00112,ST005,130,50
PRD00112,ST007,100,50
PRD00112,ST008,6,50
PRD00112,ST009,287,50
PRD00112,ST010,275,50
PRD00113,ST002,463,50
PRD00113,ST003,323,50
PRD00113,ST004,176,50
PRD00113,ST005,312,50
PRD00113,ST006,457,50
PRD00113,ST008,486,50
PRD00113,ST009,495,50
PRD00113,ST010,10,50
PRD00114,ST001,159,50
PRD00114,ST003,174,50
PRD00114,ST004,344,50
PRD00114,ST010,358,50
PRD00115,ST001,18,50
PRD00115,ST003,244,50
PRD00115,ST004,284,50
PRD00115,ST005,323,50
PRD00115,ST006,41,50
PRD00115,ST009,367,50
PRD00116,ST001,411,50
PRD00116,ST002,9,50
PRD00116,ST003,392,50
PRD00116,ST004,464,50
PRD00116,ST005,398,50
PRD00116,ST008,274,50
PRD00116,ST010,471,50
PRD00117,ST001,226,50
PRD00117,ST002,43,50
PRD00117,ST003,303,50
PRD00117,ST004,243,50
PRD00117,ST005,440,50
PRD00117,ST006,254,50
PRD00117,ST007,139,50
PRD00117,ST008,485,50
PRD00117,ST009,459,50
PRD00117,ST010,32,50
PRD00118,ST001,52,50
PRD00118,ST002,6,50
PRD00118,ST003,177,50
PRD00118,ST004,256,50
PRD00118,ST005,277,50
PRD00118,ST006,492,50
PRD00118,ST009,350,50
PRD00118,ST010,117,50
PRD00119,ST001,237,50
PRD00119,ST002,174,50
PRD00119,ST004,134,50
PRD00119,ST005,266,50
PRD00119,ST006,12,50
PRD00119,ST007,132,50
PRD00119,ST008,315,50
PRD00119,ST009,268,50
PRD00120,ST001,22,50
PRD00120,ST003,67,50
PRD00120,ST005,86,50
PRD00120,ST007,138,50
PRD00120,ST009,394,50
PRD00121,ST002,4,50
PRD00121,ST003,229,50
PRD00121,ST004,288,50
PRD00121,ST005,429,50
PRD00121,ST006,387,50
PRD00121,ST007,266,50
PRD00121,ST008,358,50
PRD00121,ST010,103,50
PRD00122,ST001,376,50
PRD00122,ST002,209,50
PRD00122,ST003,481,50
PRD00122,ST006,65,50
PRD00122,ST007,240,50
PRD00122,ST008,379,50
PRD00122,ST009,492,50
PRD00123,ST001,199,50
PRD00123,ST002,479,50
PRD00123,ST003,71,50
PRD00123,ST005,348,50
PRD00123,ST006,359,50
PRD00123,ST007,86,50
PRD00123,ST009,10,50
PRD00123,ST010,460,50
PRD00124,ST001,113,50
PRD00124,ST002,164,50
PRD00124,ST003,200,50
PRD00124,ST004,114,50
PRD00124,ST006,288,50
PRD00124,ST007,206,50
PRD00124,ST008,300,50
PRD00124,ST009,489,50
PRD00124,ST010,78,50
PRD00125,ST001,405,50
PRD00125,ST005,370,50
PRD00125,ST008,362,50
PRD00125,ST010,317,50
PRD00126,ST002,66,50
PRD00126,ST003,407,50
PRD00126,ST007,6,50
PRD00126,ST009,389,50
PRD00127,ST001,303,50
PRD00127,ST002,395,50
PRD00127,ST003,281,50
PRD00127,ST005,378,50
PRD00127,ST006,398,50
PRD00127,ST007,5,50
PRD00127,ST008,248,50
PRD00127,ST009,266,50
PRD00128,ST001,367,50
PRD00128,ST002,116,50
PRD00128,ST003,352,50
PRD00128,ST005,326,50
PRD00128,ST006,303,50
PRD00128,ST007,115,50
PRD00128,ST009,152,50
PRD00128,ST010,296,50
PRD00129,ST001,275,50
PRD00129,ST003,458,50
PRD00129,ST004,72,50
PRD00129,ST005,153,50
PRD00129,ST006,467,50
PRD00129,ST007,192,50
PRD00129,ST008,490,50
PRD00129,ST009,5,50
PRD00129,ST010,215,50
PRD00130,ST002,137,50
PRD00130,ST005,388,50
PRD00130,ST006,169,50
PRD00130,ST008,374,50
PRD00130,ST010,462,50
PRD00131,ST001,406,50
PRD00131,ST002,149,50
PRD00131,ST004,494,50
PRD00131,ST006,435,50
PRD00131,ST007,14,50
PRD00131,ST008,392,50
PRD00132,ST001,143,50
PRD00132,ST002,452,50
PRD00132,ST003,198,50
PRD00132,ST004,398,50
PRD00132,ST006,76,50
PRD00132,ST007,341,50
PRD00132,ST008,355,50
PRD00132,ST009,148,50
PRD00132,ST010,237,50
PRD00133,ST001,61,50
PRD00133,ST004,214,50
PRD00133,ST005,246,50
PRD00133,ST006,58,50
PRD00133,ST007,49,50
PRD00133,ST008,85,50
PRD00133,ST009,32,50
PRD00133,ST010,310,50
PRD00134,ST001,354,50
PRD00134,ST002,246,50
PRD00134,ST003,273,50
PRD00134,ST004,272,50
PRD00134,ST005,20,50
PRD00134,ST006,48,50
PRD00134,ST007,1,50
PRD00134,ST008,211,50
PRD00134,ST009,471,50
PRD00135,ST001,143,50
PRD00135,ST003,140,50
PRD00135,ST005,432,50
PRD00135,ST006,17,50
PRD00135,ST007,473,50
PRD00135,ST009,210,50
PRD00135,ST010,410,50
PRD00136,ST002,324,50
PRD00136,ST003,257,50
PRD00136,ST004,309,50
PRD00136,ST005,418,50
PRD00136,ST006,298,50
PRD00136,ST007,90,50
PRD00136,ST008,446,50
PRD00136,ST009,311,50
PRD00136,ST010,153,50
PRD00137,ST001,179,50
PRD00137,ST002,362,50
PRD00137,ST003,160,50
PRD00137,ST005,374,50
PRD00137,ST006,272,50
PRD00137,ST007,159,50
PRD00137,ST009,355,50
PRD00137,ST010,389,50
PRD00138,ST002,32,50
PRD00138,ST004,79,50
PRD00138,ST006,309,50
PRD00138,ST007,110,50
PRD00138,ST008,235,50
PRD00138,ST009,291,50
PRD00138,ST010,365,50
PRD00139,ST004,374,50
PRD00139,ST005,53,50
PRD00139,ST006,460,50
PRD00139,ST008,138,50
PRD00140,ST003,250,50
PRD00140,ST004,251,50
PRD00140,ST006,166,50
PRD00140,ST007,349,50
PRD00140,ST008,347,50
PRD00140,ST010,170,50
PRD00141,ST001,232,50
PRD00141,ST002,194,50
PRD00141,ST003,371,50
PRD00141,ST004,65,50
PRD00141,ST005,423,50
PRD00141,ST006,328,50
PRD00141,ST010,167,50
PRD00142,ST001,115,50
PRD00142,ST002,119,50
PRD00142,ST003,0,50
PRD00142,ST004,253,50
PRD00142,ST005,475,50
PRD00142,ST006,338,50
PRD00142,ST007,247,50
PRD00142,ST008,469,50
PRD00142,ST010,429,50
PRD00143,ST004,76,50
PRD00143,ST005,135,50
PRD00143,ST006,286,50
PRD00143,ST007,5,50
PRD00143,ST009,406,50
PRD00143,ST010,431,50
PRD00144,ST002,164,50
PRD00144,ST003,25,50
PRD00144,ST004,381,50
PRD00144,ST005,333,50
PRD00144,ST008,441,50
PRD00144,ST009,452,50
PRD00144,ST010,353,50
PRD00145,ST001,123,50
PRD00145,ST002,469,50
PRD00145,ST003,1,50
PRD00145,ST005,71,50
PRD00145,ST006,96,50
PRD00145,ST007,215,50
PRD00145,ST008,368,50
PRD00145,ST009,293,50
PRD00146,ST001,322,50
PRD00146,ST003,59,50
PRD00146,ST006,327,50
PRD00146,ST007,202,50
PRD00146,ST008,291,50
PRD00146,ST010,327,50
PRD00147,ST001,299,50
PRD00147,ST002,295,50
PRD00147,ST003,466,50
PRD00147,ST004,22,50
PRD00147,ST006,494,50
PRD00147,ST007,477,50
PRD00147,ST009,397,50
PRD00147,ST010,36,50
PRD00148,ST002,450,50
PRD00148,ST005,201,50
PRD00148,ST006,386,50
PRD00148,ST008,166,50
PRD00148,ST009,270,50
PRD00148,ST010,329,50
PRD00149,ST001,457,50
PRD00149,ST002,249,50
PRD00149,ST003,278,50
PRD00149,ST004,197,50
PRD00149,ST008,99,50
PRD00149,ST010,457,50
PRD00150,ST002,419,50
PRD00150,ST003,29,50
PRD00150,ST004,42,50
PRD00150,ST005,406,50
PRD00150,ST010,356,50
PRD00151,ST001,299,50
PRD00151,ST002,363,50
PRD00151,ST003,405,50
PRD00151,ST004,427,50
PRD00151,ST006,239,50
PRD00151,ST007,492,50
PRD00151,ST010,222,50
PRD00152,ST001,317,50
PRD00152,ST002,408,50
PRD00152,ST003,24,50
PRD00152,ST004,300,50
PRD00152,ST006,176,50
PRD00152,ST007,160,50
PRD00152,ST008,428,50
PRD00152,ST009,59,50
PRD00152,ST010,375,50
PRD00153,ST001,468,50
PRD00153,ST002,54,50
PRD00153,ST003,474,50
PRD00153,ST004,459,50
PRD00153,ST005,275,50
PRD00153,ST009,468,50
PRD00153,ST010,338,50
PRD00154,ST003,347,50
PRD00154,ST004,312,50
PRD00154,ST005,184,50
PRD00154,ST006,230,50
PRD00154,ST007,316,50
PRD00154,ST008,48,50
PRD00155,ST001,460,50
PRD00155,ST002,370,50
PRD00155,ST003,263,50
PRD00155,ST005,65,50
PRD00155,ST006,490,50
PRD00155,ST007,339,50
PRD00155,ST008,405,50
PRD00155,ST009,172,50
PRD00156,ST001,286,50
PRD00156,ST003,49,50
PRD00156,ST004,10,50
PRD00156,ST005,190,50
PRD00156,ST006,202,50
PRD00156,ST007,207,50
PRD00156,ST008,113,50
PRD00157,ST001,373,50
PRD00157,ST004,100,50
PRD00157,ST005,239,50
PRD00157,ST007,218,50
PRD00157,ST008,294,50
PRD00157,ST009,480,50
PRD00157,ST010,292,50
PRD00158,ST001,174,50
PRD00158,ST002,464,50
PRD00158,ST004,31,50
PRD00158,ST005,387,50
PRD00158,ST006,119,50
PRD00158,ST007,341,50
PRD00158,ST009,248,50
PRD00159,ST001,144,50
PRD00159,ST002,258,50
PRD00159,ST004,297,50
PRD00159,ST006,210,50
PRD00159,ST008,347,50
PRD00159,ST009,43,50
PRD00160,ST001,4,50
PRD00160,ST002,25,50
PRD00160,ST003,99,50
PRD00160,ST004,191,50
PRD00160,ST005,453,50
PRD00160,ST006,337,50
PRD00160,ST010,12,50
PRD00161,ST001,71,50
PRD00161,ST002,103,50
PRD00161,ST003,349,50
PRD00161,ST004,273,50
PRD00161,ST005,243,50
PRD00161,ST006,7,50
PRD00161,ST007,347,50
PRD00161,ST008,365,50
PRD00162,ST002,404,50
PRD00162,ST004,486,50
PRD00162,ST006,178,50
PRD00162,ST007,104,50
PRD00162,ST008,356,50
PRD00162,ST009,249,50
PRD00162,ST010,85,50
PRD00163,ST003,217,50
PRD00163,ST004,152,50
PRD00163,ST005,315,50
PRD00163,ST006,212,50
PRD00163,ST007,393,50
PRD00163,ST008,205,50
PRD00163,ST009,199,50
PRD00163,ST010,308,50
PRD00164,ST001,203,50
PRD00164,ST002,32,50
PRD00164,ST005,308,50
PRD00164,ST007,88,50
PRD00164,ST008,354,50
PRD00164,ST009,442,50
PRD00165,ST001,215,50
PRD00165,ST002,403,50
PRD00165,ST005,303,50
PRD00165,ST006,347,50
PRD00165,ST007,287,50
PRD00165,ST008,30,50
PRD00165,ST010,56,50
PRD00166,ST001,51,50
PRD00166,ST002,321,50
PRD00166,ST004,346,50
PRD00166,ST007,18,50
PRD00166,ST008,465,50
PRD00166,ST009,450,50
PRD00167,ST001,134,50
PRD00167,ST002,159,50
PRD00167,ST003,176,50
PRD00167,ST004,13,50
PRD00167,ST005,413,50
PRD00167,ST006,439,50
PRD00167,ST008,70,50
PRD00167,ST010,207,50
PRD00168,ST001,278,50
PRD00168,ST002,84,50
PRD00168,ST003,451,50
PRD00168,ST004,241,50
PRD00168,ST005,395,50
PRD00168,ST010,21,50
PRD00169,ST004,335,50
PRD00169,ST005,55,50
PRD00169,ST006,285,50
PRD00169,ST007,20,50
PRD00169,ST009,390,50
PRD00169,ST010,76,50
PRD00170,ST002,487,50
PRD00170,ST003,112,50
PRD00170,ST004,24,50
PRD00170,ST005,403,50
PRD00170,ST006,397,50
PRD00170,ST007,252,50
PRD00170,ST010,17,50
PRD00171,ST001,268,50
PRD00171,ST002,367,50
PRD00171,ST004,291,50
PRD00171,ST006,361,50
PRD00171,ST008,23,50
PRD00171,ST009,324,50
PRD00172,ST002,451,50
PRD00172,ST003,376,50
PRD00172,ST004,276,50
PRD00172,ST005,101,50
PRD00172,ST006,135,50
PRD00172,ST007,272,50
PRD00172,ST008,284,50
PRD00172,ST009,106,50
PRD00172,ST010,204,50
PRD00173,ST001,68,50
PRD00173,ST002,495,50
PRD00173,ST003,193,50
PRD00173,ST004,67,50
PRD00173,ST006,488,50
PRD00173,ST007,334,50
PRD00173,ST008,296,50
PRD00173,ST009,356,50
PRD00174,ST001,138,50
PRD00174,ST005,301,50
PRD00174,ST006,35,50
PRD00174,ST007,69,50
PRD00174,ST008,317,50
PRD00174,ST009,206,50
PRD00175,ST001,290,50
PRD00175,ST002,212,50
PRD00175,ST006,339,50
PRD00175,ST007,224,50
PRD00175,ST009,281,50
PRD00176,ST004,29,50
PRD00176,ST005,345,50
PRD00176,ST007,423,50
PRD00176,ST008,322,50
PRD00176,ST010,411,50
PRD00177,ST001,159,50
PRD00177,ST002,293,50
PRD00177,ST003,180,50
PRD00177,ST005,395,50
PRD00177,ST008,140,50
PRD00177,ST009,134,50
PRD00177,ST010,36,50
PRD00178,ST001,478,50
PRD00178,ST004,63,50
PRD00178,ST005,126,50
PRD00178,ST006,125,50
PRD00178,ST007,14,50
PRD00178,ST008,283,50
PRD00178,ST009,496,50
PRD00178,ST010,132,50
PRD00179,ST002,176,50
PRD00179,ST004,445,50
PRD00179,ST007,274,50
PRD00179,ST008,494,50
PRD00179,ST010,387,50
PRD00180,ST001,282,50
PRD00180,ST002,371,50
PRD00180,ST003,151,50
PRD00180,ST004,440,50
PRD00180,ST007,399,50
PRD00180,ST008,207,50
PRD00180,ST010,116,50
PRD00181,ST001,141,50
PRD00181,ST002,255,50
PRD00181,ST005,97,50
PRD00181,ST006,478,50
PRD00181,ST007,418,50
PRD00181,ST008,69,50
PRD00181,ST010,330,50
PRD00182,ST001,16,50
PRD00182,ST002,385,50
PRD00182,ST005,223,50
PRD00182,ST007,306,50
PRD00182,ST008,46,50
PRD00182,ST009,169,50
PRD00182,ST010,472,50
PRD00183,ST002,358,50
PRD00183,ST005,46,50
PRD00183,ST007,408,50
PRD00183,ST008,260,50
PRD00184,ST001,292,50
PRD00184,ST002,85,50
PRD00184,ST004,252,50
PRD00184,ST005,450,50
PRD00184,ST006,135,50
PRD00184,ST007,42,50
PRD00184,ST008,160,50
PRD00184,ST009,127,50
PRD00184,ST010,315,50
PRD00185,ST001,172,50
PRD00185,ST002,214,50
PRD00185,ST003,387,50
PRD00185,ST004,290,50
PRD00185,ST006,482,50
PRD00185,ST008,260,50
PRD00186,ST001,469,50
PRD00186,ST002,398,50
PRD00186,ST003,12,50
PRD00186,ST007,270,50
PRD00186,ST008,5,50
PRD00186,ST009,363,50
PRD00187,ST001,329,50
PRD00187,ST003,64,50
PRD00187,ST004,60,50
PRD00187,ST005,205,50
PRD00187,ST006,314,50
PRD00187,ST008,460,50
PRD00187,ST009,278,50
PRD00187,ST010,396,50
PRD00188,ST001,278,50
PRD00188,ST002,310,50
PRD00188,ST003,288,50
PRD00188,ST005,242,50
PRD00188,ST007,178,50
PRD00188,ST008,127,50
PRD00188,ST009,281,50
PRD00188,ST010,267,50
PRD00189,ST001,142,50
PRD00189,ST002,283,50
PRD00189,ST004,124,50
PRD00189,ST005,258,50
PRD00189,ST006,340,50
PRD00189,ST007,457,50
PRD00189,ST008,204,50
PRD00189,ST009,489,50
PRD00189,ST010,371,50
PRD00190,ST002,93,50
PRD00190,ST003,493,50
PRD00190,ST004,271,50
PRD00190,ST005,299,50
PRD00190,ST006,315,50
PRD00190,ST007,408,50
PRD00190,ST009,448,50
PRD00191,ST002,134,50
PRD00191,ST006,375,50
PRD00191,ST007,298,50
PRD00191,ST008,429,50
PRD00191,ST009,379,50
PRD00192,ST001,192,50
PRD00192,ST002,26,50
PRD00192,ST003,354,50
PRD00192,ST004,89,50
PRD00192,ST005,223,50
PRD00192,ST006,314,50
PRD00192,ST007,405,50
PRD00192,ST008,351,50
PRD00192,ST009,453,50
PRD00192,ST010,308,50
PRD00193,ST002,15,50
PRD00193,ST003,353,50
PRD00193,ST005,33,50
PRD00193,ST006,234,50
PRD00193,ST008,132,50
PRD00193,ST010,111,50
PRD00194,ST001,403,50
PRD00194,ST002,430,50
PRD00194,ST003,196,50
PRD00194,ST004,184,50
PRD00194,ST006,134,50
PRD00194,ST007,317,50
PRD00194,ST008,465,50
PRD00194,ST010,106,50
PRD00195,ST001,127,50
PRD00195,ST002,194,50
PRD00195,ST003,269,50
PRD00195,ST004,231,50
PRD00195,ST005,482,50
PRD00195,ST006,315,50
PRD00195,ST008,268,50
PRD00196,ST001,268,50
PRD00196,ST002,479,50
PRD00196,ST003,424,50
PRD00196,ST004,20,50
PRD00196,ST005,411,50
PRD00196,ST008,174,50
PRD00196,ST009,180,50
PRD00197,ST001,136,50
PRD00197,ST002,177,50
PRD00197,ST003,196,50
PRD00197,ST005,473,50
PRD00197,ST006,92,50
PRD00197,ST007,82,50
PRD00197,ST008,240,50
PRD00198,ST001,470,50
PRD00198,ST002,460,50
PRD00198,ST007,450,50
PRD00198,ST008,350,50
PRD00198,ST009,166,50
PRD00198,ST010,215,50
PRD00199,ST001,206,50
PRD00199,ST002,136,50
PRD00199,ST003,426,50
PRD00199,ST006,153,50
PRD00199,ST009,10,50
PRD00199,ST010,308,50
PRD00200,ST003,127,50
PRD00200,ST004,285,50
PRD00200,ST005,68,50
PRD00200,ST006,406,50
PRD00200,ST007,489,50
PRD00200,ST008,271,50
PRD00200,ST009,140,50
PRD00201,ST001,270,50
PRD00201,ST002,443,50
PRD00201,ST003,342,50
PRD00201,ST004,224,50
PRD00201,ST005,330,50
PRD00201,ST007,157,50
PRD00201,ST010,257,50
PRD00202,ST004,335,50
PRD00202,ST005,3,50
PRD00202,ST007,338,50
PRD00202,ST010,256,50
PRD00203,ST001,213,50
PRD00203,ST004,157,50
PRD00203,ST005,493,50
PRD00203,ST007,116,50
PRD00203,ST008,301,50
PRD00203,ST009,384,50
PRD00204,ST001,30,50
PRD00204,ST002,253,50
PRD00204,ST003,379,50
PRD00204,ST005,229,50
PRD00204,ST006,241,50
PRD00204,ST007,75,50
PRD00204,ST009,423,50
PRD00205,ST001,353,50
PRD00205,ST002,20,50
PRD00205,ST003,64,50
PRD00205,ST004,152,50
PRD00205,ST005,412,50
PRD00205,ST006,69,50
PRD00205,ST007,439,50
PRD00205,ST008,483,50
PRD00205,ST009,432,50
PRD00205,ST010,34,50
PRD00206,ST001,76,50
PRD00206,ST002,153,50
PRD00206,ST003,363,50
PRD00206,ST004,265,50
PRD00206,ST005,11,50
PRD00206,ST006,308,50
PRD00206,ST008,225,50
PRD00206,ST009,196,50
PRD00206,ST010,322,50
PRD00207,ST001,28,50
PRD00207,ST002,211,50
PRD00207,ST003,406,50
PRD00207,ST008,417,50
PRD00207,ST009,332,50
PRD00208,ST002,164,50
PRD00208,ST003,67,50
PRD00208,ST005,413,50
PRD00208,ST007,74,50
PRD00208,ST008,303,50
PRD00208,ST009,447,50
PRD00208,ST010,436,50
PRD00209,ST002,195,50
PRD00209,ST004,479,50
PRD00209,ST005,279,50
PRD00209,ST008,281,50
PRD00209,ST010,0,50
PRD00210,ST002,243,50
PRD00210,ST003,424,50
PRD00210,ST005,309,50
PRD00210,ST007,45,50
PRD00210,ST009,291,50
PRD00210,ST010,181,50
PRD00211,ST004,317,50
PRD00211,ST005,136,50
PRD00211,ST006,158,50
PRD00211,ST007,315,50
PRD00211,ST009,496,50
PRD00211,ST010,493,50
PRD00212,ST003,282,50
PRD00212,ST004,439,50
PRD00212,ST005,279,50
PRD00212,ST006,205,50
PRD00212,ST007,159,50
PRD00212,ST009,247,50
PRD00212,ST010,293,50
PRD00213,ST001,200,50
PRD00213,ST002,221,50
PRD00213,ST005,138,50
PRD00213,ST007,216,50
PRD00213,ST008,308,50
PRD00213,ST009,379,50
PRD00213,ST010,337,50
PRD00214,ST001,336,50
PRD00214,ST002,237,50
PRD00214,ST004,271,50
PRD00214,ST005,201,50
PRD00214,ST007,374,50
PRD00214,ST008,455,50
PRD00214,ST009,441,50
PRD00214,ST010,206,50
PRD00215,ST001,38,50
PRD00215,ST002,35,50
PRD00215,ST003,15,50
PRD00215,ST004,306,50
PRD00215,ST005,146,50
PRD00215,ST006,378,50
PRD00215,ST007,330,50
PRD00215,ST008,9,50
PRD00215,ST009,226,50
PRD00215,ST010,392,50
PRD00216,ST001,417,50
PRD00216,ST002,497,50
PRD00216,ST004,354,50
PRD00216,ST005,369,50
PRD00216,ST006,340,50
PRD00216,ST007,468,50
PRD00216,ST008,443,50
PRD00216,ST009,429,50
PRD00217,ST001,340,50
PRD00217,ST002,338,50
PRD00217,ST004,241,50
PRD00217,ST006,421,50
PRD00217,ST008,271,50
PRD00217,ST009,308,50
PRD00218,ST001,426,50
PRD00218,ST003,271,50
PRD00218,ST005,145,50
PRD00218,ST006,418,50
PRD00218,ST008,22,50
PRD00218,ST010,189,50
PRD00219,ST001,208,50
PRD00219,ST002,406,50
PRD00219,ST003,156,50
PRD00219,ST006,455,50
PRD00219,ST007,373,50
PRD00219,ST008,102,50
PRD00219,ST009,70,50
PRD00219,ST010,466,50
PRD00220,ST001,159,50
PRD00220,ST002,76,50
PRD00220,ST003,379,50
PRD00220,ST004,471,50
PRD00220,ST006,498,50
PRD00220,ST007,382,50
PRD00220,ST009,286,50
PRD00221,ST001,379,50
PRD00221,ST004,25,50
PRD00221,ST005,345,50
PRD00221,ST006,405,50
PRD00221,ST007,445,50
PRD00221,ST008,197,50
PRD00221,ST009,4,50
PRD00221,ST010,68,50
PRD00222,ST001,413,50
PRD00222,ST002,273,50
PRD00222,ST003,464,50
PRD00222,ST004,339,50
PRD00222,ST005,461,50
PRD00222,ST007,447,50
PRD00222,ST009,335,50
PRD00223,ST003,349,50
PRD00223,ST004,330,50
PRD00223,ST005,77,50
PRD00223,ST007,81,50
PRD00223,ST008,150,50
PRD00223,ST009,66,50
PRD00224,ST001,60,50
PRD00224,ST002,176,50
PRD00224,ST003,136,50
PRD00224,ST004,8,50
PRD00224,ST005,344,50
PRD00224,ST007,316,50
PRD00224,ST009,322,50
PRD00224,ST010,414,50
PRD00225,ST002,106,50
PRD00225,ST003,184,50
PRD00225,ST004,98,50
PRD00225,ST005,44,50
PRD00225,ST006,56,50
PRD00225,ST007,376,50
PRD00225,ST008,452,50
PRD00225,ST009,232,50
PRD00225,ST010,37,50
PRD00226,ST001,192,50
PRD00226,ST002,331,50
PRD00226,ST003,278,50
PRD00226,ST005,414,50
PRD00226,ST006,323,50
PRD00226,ST007,368,50
PRD00226,ST008,424,50
PRD00226,ST009,354,50
PRD00226,ST010,72,50
PRD00227,ST001,12,50
PRD00227,ST003,265,50
PRD00227,ST006,425,50
PRD00227,ST007,115,50
PRD00227,ST008,397,50
PRD00227,ST009,162,50
PRD00227,ST010,277,50
PRD00228,ST001,351,50
PRD00228,ST002,457,50
PRD00228,ST003,159,50
PRD00228,ST004,455,50
PRD00228,ST005,196,50
PRD00228,ST008,3,50
PRD00228,ST009,357,50
PRD00228,ST010,272,50
PRD00229,ST003,403,50
PRD00229,ST004,487,50
PRD00229,ST006,373,50
PRD00229,ST008,156,50
PRD00229,ST009,1,50
PRD00230,ST001,116,50
PRD00230,ST003,100,50
PRD00230,ST005,157,50
PRD00230,ST006,182,50
PRD00230,ST007,379,50
PRD00230,ST008,300,50
PRD00230,ST009,332,50
PRD00231,ST004,487,50
PRD00231,ST005,399,50
PRD00231,ST006,414,50
PRD00231,ST007,326,50
PRD00231,ST009,399,50
PRD00231,ST010,135,50
PRD00232,ST001,173,50
PRD00232,ST003,367,50
PRD00232,ST004,30,50
PRD00232,ST005,461,50
PRD00232,ST006,337,50
PRD00232,ST007,72,50
PRD00232,ST008,21,50
PRD00232,ST009,360,50
PRD00232,ST010,498,50
PRD00233,ST001,224,50
PRD00233,ST005,111,50
PRD00233,ST006,326,50
PRD00233,ST007,255,50
PRD00233,ST008,239,50
PRD00233,ST009,346,50
PRD00233,ST010,384,50
PRD00234,ST001,80,50
PRD00234,ST002,123,50
PRD00234,ST003,308,50
PRD00234,ST005,200,50
PRD00234,ST007,311,50
PRD00234,ST009,77,50
PRD00235,ST002,310,50
PRD00235,ST003,406,50
PRD00235,ST004,36,50
PRD00235,ST005,181,50
PRD00235,ST006,34,50
PRD00235,ST007,278,50
PRD00235,ST008,491,50
PRD00235,ST009,251,50
PRD00236,ST001,91,50
PRD00236,ST003,148,50
PRD00236,ST004,299,50
PRD00236,ST005,242,50
PRD00236,ST006,217,50
PRD00236,ST009,362,50
PRD00236,ST010,159,50
PRD00237,ST001,222,50
PRD00237,ST002,132,50
PRD00237,ST003,464,50
PRD00237,ST009,140,50
PRD00237,ST010,59,50
PRD00238,ST001,221,50
PRD00238,ST004,267,50
PRD00238,ST007,119,50
PRD00238,ST009,405,50
PRD00239,ST001,237,50
PRD00239,ST002,70,50
PRD00239,ST003,263,50
PRD00239,ST004,418,50
PRD00239,ST005,77,50
PRD00240,ST001,301,50
PRD00240,ST002,105,50
PRD00240,ST005,382,50
PRD00240,ST006,10,50
PRD00240,ST007,27,50
PRD00240,ST008,8,50
PRD00240,ST010,22,50
PRD00241,ST001,265,50
PRD00241,ST002,109,50
PRD00241,ST003,135,50
PRD00241,ST006,489,50
PRD00241,ST007,105,50
PRD00241,ST009,166,50
PRD00241,ST010,371,50
PRD00242,ST001,444,50
PRD00242,ST002,157,50
PRD00242,ST003,89,50
PRD00242,ST004,38,50
PRD00242,ST005,121,50
PRD00242,ST006,133,50
PRD00242,ST008,454,50
PRD00243,ST001,312,50
PRD00243,ST002,282,50
PRD00243,ST003,300,50
PRD00243,ST004,245,50
PRD00243,ST008,280,50
PRD00243,ST009,415,50
PRD00243,ST010,38,50
PRD00244,ST002,80,50
PRD00244,ST003,442,50
PRD00244,ST004,14,50
PRD00244,ST005,173,50
PRD00244,ST006,435,50
PRD00244,ST007,116,50
PRD00244,ST010,486,50
PRD00245,ST001,300,50
PRD00245,ST004,247,50
PRD00245,ST005,371,50
PRD00245,ST006,50,50
PRD00245,ST007,421,50
PRD00245,ST008,117,50
PRD00245,ST009,163,50
PRD00245,ST010,218,50
PRD00246,ST001,243,50
PRD00246,ST002,397,50
PRD00246,ST003,413,50
PRD00246,ST004,206,50
PRD00246,ST006,376,50
PRD00246,ST007,57,50
PRD00246,ST008,132,50
PRD00246,ST009,159,50
PRD00247,ST001,486,50
PRD00247,ST003,180,50
PRD00247,ST004,166,50
PRD00247,ST006,263,50
PRD00247,ST007,171,50
PRD00247,ST009,107,50
PRD00247,ST010,280,50
PRD00248,ST002,447,50
PRD00248,ST003,371,50
PRD00248,ST004,297,50
PRD00248,ST006,314,50
PRD00248,ST007,230,50
PRD00248,ST010,492,50
PRD00249,ST001,442,50
PRD00249,ST002,205,50
PRD00249,ST003,18,50
PRD00249,ST004,384,50
PRD00249,ST005,127,50
PRD00249,ST006,229,50
PRD00249,ST007,229,50
PRD00249,ST008,332,50
PRD00250,ST001,33,50
PRD00250,ST002,373,50
PRD00250,ST003,421,50
PRD00250,ST004,454,50
PRD00250,ST005,165,50
PRD00250,ST006,58,50
PRD00250,ST008,60,50
PRD00250,ST009,183,50
PRD00250,ST010,117,50
PRD00251,ST001,50,50
PRD00251,ST002,48,50
PRD00251,ST004,327,50
PRD00251,ST005,479,50
PRD00251,ST006,315,50
PRD00251,ST009,150,50
PRD00251,ST010,352,50
PRD00252,ST001,326,50
PRD00252,ST002,271,50
PRD00252,ST003,200,50
PRD00252,ST004,19,50
PRD00252,ST005,416,50
PRD00252,ST006,298,50
PRD00252,ST007,14,50
PRD00252,ST008,259,50
PRD00252,ST009,133,50
PRD00252,ST010,36,50
PRD00253,ST002,134,50
PRD00253,ST003,95,50
PRD00253,ST004,369,50
PRD00253,ST005,109,50
PRD00253,ST006,43,50
PRD00253,ST007,440,50
PRD00253,ST008,40,50
PRD00253,ST009,210,50
PRD00254,ST001,48,50
PRD00254,ST002,422,50
PRD00254,ST004,455,50
PRD00254,ST005,374,50
PRD00254,ST006,5,50
PRD00254,ST007,491,50
PRD00254,ST008,171,50
PRD00254,ST009,476,50
PRD00254,ST010,495,50
PRD00255,ST001,271,50
PRD00255,ST003,95,50
PRD00255,ST005,370,50
PRD00255,ST006,460,50
PRD00255,ST007,438,50
PRD00255,ST008,5,50
PRD00255,ST009,447,50
PRD00255,ST010,166,50
PRD00256,ST001,467,50
PRD00256,ST005,368,50
PRD00256,ST006,243,50
PRD00256,ST007,309,50
PRD00256,ST009,16,50
PRD00257,ST001,402,50
PRD00257,ST002,390,50
PRD00257,ST005,297,50
PRD00257,ST006,224,50
PRD00257,ST007,67,50
PRD00257,ST008,267,50
PRD00257,ST009,27,50
PRD00258,ST001,124,50
PRD00258,ST002,366,50
PRD00258,ST003,99,50
PRD00258,ST004,227,50
PRD00258,ST005,323,50
PRD00258,ST007,140,50
PRD00258,ST008,316,50
PRD00258,ST009,335,50
PRD00258,ST010,80,50
PRD00259,ST001,45,50
PRD00259,ST003,55,50
PRD00259,ST004,12,50
PRD00259,ST005,396,50
PRD00259,ST006,81,50
PRD00259,ST008,270,50
PRD00259,ST010,24,50
PRD00260,ST001,258,50
PRD00260,ST002,130,50
PRD00260,ST004,174,50
PRD00260,ST007,431,50
PRD00261,ST002,292,50
PRD00261,ST003,154,50
PRD00261,ST004,383,50
PRD00261,ST007,411,50
PRD00261,ST008,426,50
PRD00261,ST009,337,50
PRD00261,ST010,181,50
PRD00262,ST001,439,50
PRD00262,ST002,61,50
PRD00262,ST003,143,50
PRD00262,ST004,372,50
PRD00262,ST005,27,50
PRD00262,ST008,435,50
PRD00262,ST010,366,50
PRD00263,ST001,344,50
PRD00263,ST002,110,50
PRD00263,ST006,4,50
PRD00263,ST007,55,50
PRD00264,ST001,399,50
PRD00264,ST003,198,50
PRD00264,ST005,28,50
PRD00264,ST007,4,50
PRD00264,ST008,49,50
PRD00264,ST010,413,50
PRD00265,ST001,450,50
PRD00265,ST002,437,50
PRD00265,ST003,68,50
PRD00265,ST004,14,50
PRD00265,ST006,332,50
PRD00265,ST007,21,50
PRD00265,ST008,312,50
PRD00265,ST009,404,50
PRD00265,ST010,83,50
PRD00266,ST001,343,50
PRD00266,ST002,80,50
PRD00266,ST003,427,50
PRD00266,ST005,85,50
PRD00266,ST006,420,50
PRD00266,ST007,228,50
PRD00266,ST008,240,50
PRD00267,ST001,207,50
PRD00267,ST002,494,50
PRD00267,ST004,483,50
PRD00267,ST005,459,50
PRD00267,ST006,126,50
PRD00267,ST007,115,50
PRD00267,ST008,50,50
PRD00268,ST002,6,50
PRD00268,ST003,379,50
PRD00268,ST005,461,50
PRD00268,ST007,96,50
PRD00268,ST008,81,50
PRD00268,ST009,127,50
PRD00269,ST002,372,50
PRD00269,ST003,262,50
PRD00269,ST004,88,50
PRD00269,ST005,190,50
PRD00269,ST006,193,50
PRD00269,ST007,493,50
PRD00269,ST008,93,50
PRD00269,ST010,240,50
PRD00270,ST001,492,50
PRD00270,ST003,71,50
PRD00270,ST004,21,50
PRD00270,ST007,359,50
PRD00270,ST010,227,50
PRD00271,ST001,128,50
PRD00271,ST002,50,50
PRD00271,ST003,120,50
PRD00271,ST004,280,50
PRD00271,ST005,105,50
PRD00271,ST006,426,50
PRD00271,ST008,270,50
PRD00271,ST009,119,50
PRD00271,ST010,347,50
PRD00272,ST001,237,50
PRD00272,ST002,367,50
PRD00272,ST003,258,50
PRD00272,ST004,474,50
PRD00272,ST005,108,50
PRD00272,ST009,234,50
PRD00272,ST010,461,50
PRD00273,ST001,321,50
PRD00273,ST002,249,50
PRD00273,ST003,470,50
PRD00273,ST004,494,50
PRD00273,ST007,465,50
PRD00273,ST008,174,50
PRD00273,ST009,135,50
PRD00274,ST001,361,50
PRD00274,ST002,476,50
PRD00274,ST003,184,50
PRD00274,ST006,163,50
PRD00274,ST009,499,50
PRD00275,ST001,181,50
PRD00275,ST002,19,50
PRD00275,ST003,140,50
PRD00275,ST004,39,50
PRD00275,ST008,160,50
PRD00275,ST009,488,50
PRD00275,ST010,243,50
PRD00276,ST001,300,50
PRD00276,ST003,414,50
PRD00276,ST006,387,50
PRD00276,ST008,189,50
PRD00276,ST009,385,50
PRD00276,ST010,18,50
PRD00277,ST002,144,50
PRD00277,ST003,229,50
PRD00277,ST004,163,50
PRD00277,ST005,406,50
PRD00277,ST006,63,50
PRD00277,ST007,53,50
PRD00277,ST008,383,50
PRD00277,ST009,421,50
PRD00277,ST010,81,50
PRD00278,ST001,451,50
PRD00278,ST002,231,50
PRD00278,ST003,203,50
PRD00278,ST004,238,50
PRD00278,ST005,466,50
PRD00278,ST006,37,50
PRD00278,ST007,78,50
PRD00278,ST008,392,50
PRD00278,ST009,93,50
PRD00278,ST010,66,50
PRD00279,ST002,465,50
PRD00279,ST003,228,50
PRD00279,ST004,31,50
PRD00279,ST005,118,50
PRD00279,ST006,285,50
PRD00280,ST001,123,50
PRD00280,ST002,50,50
PRD00280,ST003,152,50
PRD00280,ST005,482,50
PRD00280,ST006,217,50
PRD00280,ST007,342,50
PRD00280,ST008,230,50
PRD00280,ST009,257,50
PRD00281,ST002,20,50
PRD00281,ST004,426,50
PRD00281,ST006,491,50
PRD00281,ST007,79,50
PRD00282,ST001,429,50
PRD00282,ST002,78,50
PRD00282,ST003,386,50
PRD00282,ST004,5,50
PRD00282,ST006,263,50
PRD00282,ST007,415,50
PRD00282,ST008,151,50
PRD00282,ST009,231,50
PRD00283,ST002,78,50
PRD00283,ST003,166,50
PRD00283,ST004,493,50
PRD00283,ST006,106,50
PRD00283,ST008,197,50
PRD00283,ST009,349,50
PRD00284,ST002,62,50
PRD00284,ST003,74,50
PRD00284,ST004,428,50
PRD00284,ST005,464,50
PRD00284,ST006,466,50
PRD00284,ST009,479,50
PRD00284,ST010,274,50
PRD00285,ST002,58,50
PRD00285,ST003,107,50
PRD00285,ST004,74,50
PRD00285,ST005,423,50
PRD00285,ST006,368,50
PRD00285,ST010,153,50
PRD00286,ST001,298,50
PRD00286,ST002,422,50
PRD00286,ST003,425,50
PRD00286,ST004,457,50
PRD00286,ST010,249,50
PRD00287,ST001,187,50
PRD00287,ST003,409,50
PRD00287,ST005,38,50
PRD00287,ST006,121,50
PRD00287,ST007,158,50
PRD00287,ST009,252,50
PRD00288,ST001,265,50
PRD00288,ST002,306,50
PRD00288,ST003,401,50
PRD00288,ST004,132,50
PRD00288,ST006,105,50
PRD00288,ST007,384,50
PRD00288,ST009,168,50
PRD00289,ST003,232,50
PRD00289,ST004,476,50
PRD00289,ST005,243,50
PRD00289,ST006,134,50
PRD00289,ST007,268,50
PRD00290,ST002,281,50
PRD00290,ST003,402,50
PRD00290,ST006,97,50
PRD00290,ST007,113,50
PRD00291,ST001,124,50
PRD00291,ST002,461,50
PRD00291,ST003,214,50
PRD00291,ST004,67,50
PRD00291,ST005,242,50
PRD00291,ST006,0,50
PRD00291,ST007,137,50
PRD00291,ST008,438,50
PRD00291,ST009,442,50
PRD00292,ST003,142,50
PRD00292,ST005,383,50
PRD00292,ST006,49,50
PRD00292,ST007,231,50
PRD00292,ST009,128,50
PRD00293,ST001,451,50
PRD00293,ST002,225,50
PRD00293,ST003,199,50
PRD00293,ST007,24,50
PRD00293,ST008,162,50
PRD00293,ST009,341,50
PRD00293,ST010,490,50
PRD00294,ST001,327,50
PRD00294,ST002,318,50
PRD00294,ST003,116,50
PRD00294,ST004,376,50
PRD00294,ST005,390,50
PRD00294,ST006,425,50
PRD00294,ST007,499,50
PRD00294,ST009,441,50
PRD00295,ST001,261,50
PRD00295,ST002,460,50
PRD00295,ST003,323,50
PRD00295,ST004,157,50
PRD00295,ST005,430,50
PRD00295,ST007,378,50
PRD00296,ST002,442,50
PRD00296,ST004,289,50
PRD00296,ST007,492,50
PRD00296,ST008,167,50
PRD00296,ST009,313,50
PRD00296,ST010,26,50
PRD00297,ST001,170,50
PRD00297,ST002,225,50
PRD00297,ST003,366,50
PRD00297,ST004,280,50
PRD00297,ST007,146,50
PRD00297,ST010,383,50
PRD00298,ST002,322,50
PRD00298,ST004,289,50
PRD00298,ST005,316,50
PRD00298,ST006,112,50
PRD00298,ST007,374,50
PRD00298,ST009,445,50
PRD00299,ST001,306,50
PRD00299,ST004,234,50
PRD00299,ST005,485,50
PRD00299,ST007,238,50
PRD00299,ST008,216,50
PRD00299,ST009,75,50
PRD00300,ST001,125,50
PRD00300,ST002,55,50
PRD00300,ST003,214,50
PRD00300,ST004,75,50
PRD00300,ST005,243,50
PRD00300,ST006,415,50
PRD00300,ST007,185,50
PRD00300,ST008,59,50
PRD00300,ST010,168,50
PRD00301,ST001,204,50
PRD00301,ST002,457,50
PRD00301,ST003,323,50
PRD00301,ST004,304,50
PRD00301,ST006,233,50
PRD00301,ST007,249,50
PRD00301,ST008,131,50
PRD00301,ST009,37,50
PRD00301,ST010,163,50
PRD00302,ST001,389,50
PRD00302,ST002,197,50
PRD00302,ST003,231,50
PRD00302,ST004,295,50
PRD00302,ST005,138,50
PRD00302,ST006,336,50
PRD00302,ST009,277,50
PRD00302,ST010,477,50
PRD00303,ST001,447,50
PRD00303,ST003,444,50
PRD00303,ST007,75,50
PRD00303,ST008,437,50
PRD00303,ST009,392,50
PRD00303,ST010,129,50
PRD00304,ST001,85,50
PRD00304,ST002,449,50
PRD00304,ST004,182,50
PRD00304,ST005,40,50
PRD00304,ST006,138,50
PRD00304,ST008,369,50
PRD00304,ST010,166,50
PRD00305,ST001,429,50
PRD00305,ST003,97,50
PRD00305,ST005,458,50
PRD00305,ST006,209,50
PRD00305,ST007,200,50
PRD00305,ST009,145,50
PRD00305,ST010,386,50
PRD00306,ST001,36,50
PRD00306,ST002,369,50
PRD00306,ST004,498,50
PRD00306,ST005,265,50
PRD00306,ST006,193,50
PRD00306,ST007,94,50
PRD00306,ST008,339,50
PRD00306,ST009,464,50
PRD00306,ST010,22,50
PRD00307,ST003,249,50
PRD00307,ST004,211,50
PRD00307,ST005,362,50
PRD00307,ST006,239,50
PRD00307,ST007,147,50
PRD00307,ST008,164,50
PRD00307,ST010,1,50
PRD00308,ST001,39,50
PRD00308,ST002,279,50
PRD00308,ST003,371,50
PRD00308,ST004,44,50
PRD00308,ST005,196,50
PRD00308,ST006,392,50
PRD00308,ST007,341,50
PRD00308,ST009,431,50
PRD00308,ST010,496,50
PRD00309,ST001,363,50
PRD00309,ST002,96,50
PRD00309,ST004,380,50
PRD00309,ST005,491,50
PRD00309,ST006,482,50
PRD00310,ST001,154,50
PRD00310,ST002,332,50
PRD00310,ST004,388,50
PRD00310,ST006,445,50
PRD00310,ST007,465,50
PRD00310,ST010,392,50
PRD00311,ST001,285,50
PRD00311,ST002,419,50
PRD00311,ST003,376,50
PRD00311,ST006,222,50
PRD00311,ST009,386,50
PRD00311,ST010,448,50
PRD00312,ST002,360,50
PRD00312,ST003,253,50
PRD00312,ST004,58,50
PRD00312,ST005,314,50
PRD00312,ST006,181,50
PRD00312,ST008,319,50
PRD00312,ST010,396,50
PRD00313,ST001,124,50
PRD00313,ST002,235,50
PRD00313,ST003,170,50
PRD00313,ST004,137,50
PRD00313,ST005,96,50
PRD00313,ST007,436,50
PRD00313,ST009,300,50
PRD00314,ST001,310,50
PRD00314,ST002,329,50
PRD00314,ST003,6,50
PRD00314,ST009,99,50
PRD00314,ST010,177,50
PRD00315,ST001,339,50
PRD00315,ST002,365,50
PRD00315,ST004,380,50
PRD00315,ST005,415,50
PRD00315,ST006,48,50
PRD00315,ST008,264,50
PRD00315,ST010,215,50
PRD00316,ST001,440,50
PRD00316,ST002,284,50
PRD00316,ST003,203,50
PRD00316,ST005,271,50
PRD00316,ST006,140,50
PRD00316,ST009,340,50
PRD00317,ST001,334,50
PRD00317,ST003,74,50
PRD00317,ST005,186,50
PRD00317,ST006,193,50
PRD00317,ST007,78,50
PRD00317,ST008,201,50
PRD00317,ST010,4,50
PRD00318,ST003,382,50
PRD00318,ST004,456,50
PRD00318,ST005,123,50
PRD00318,ST006,378,50
PRD00318,ST009,61,50
PRD00318,ST010,263,50
PRD00319,ST001,250,50
PRD00319,ST002,316,50
PRD00319,ST003,119,50
PRD00319,ST005,163,50
PRD00319,ST006,360,50
PRD00319,ST007,201,50
PRD00319,ST008,188,50
PRD00320,ST001,486,50
PRD00320,ST002,260,50
PRD00320,ST004,490,50
PRD00320,ST005,56,50
PRD00320,ST006,167,50
PRD00320,ST008,90,50
PRD00320,ST009,122,50
PRD00320,ST010,89,50
PRD00321,ST001,7,50
PRD00321,ST002,342,50
PRD00321,ST003,110,50
PRD00321,ST004,468,50
PRD00321,ST005,392,50
PRD00321,ST006,375,50
PRD00321,ST009,292,50
PRD00321,ST010,246,50
PRD00322,ST001,343,50
PRD00322,ST002,467,50
PRD00322,ST003,115,50
PRD00322,ST004,182,50
PRD00322,ST005,395,50
PRD00322,ST006,19,50
PRD00322,ST009,286,50
PRD00323,ST001,464,50
PRD00323,ST002,365,50
PRD00323,ST003,418,50
PRD00323,ST005,337,50
PRD00323,ST007,487,50
PRD00323,ST008,285,50
PRD00323,ST010,52,50
PRD00324,ST001,438,50
PRD00324,ST002,149,50
PRD00324,ST003,182,50
PRD00324,ST004,149,50
PRD00324,ST005,83,50
PRD00324,ST006,273,50
PRD00324,ST007,422,50
PRD00325,ST002,363,50
PRD00325,ST004,237,50
PRD00325,ST006,192,50
PRD00325,ST007,74,50
PRD00325,ST008,173,50
PRD00326,ST001,413,50
PRD00326,ST002,385,50
PRD00326,ST003,395,50
PRD00326,ST006,6,50
PRD00326,ST007,309,50
PRD00326,ST009,210,50
PRD00326,ST010,379,50
PRD00327,ST002,382,50
PRD00327,ST003,365,50
PRD00327,ST004,315,50
PRD00327,ST005,304,50
PRD00327,ST009,208,50
PRD00327,ST010,451,50
PRD00328,ST002,54,50
PRD00328,ST003,341,50
PRD00328,ST008,184,50
PRD00328,ST009,167,50
PRD00328,ST010,29,50
PRD00329,ST002,33,50
PRD00329,ST003,148,50
PRD00329,ST004,88,50
PRD00329,ST005,120,50
PRD00329,ST006,256,50
PRD00329,ST007,304,50
PRD00329,ST009,257,50
PRD00329,ST010,21,50
PRD00330,ST001,29,50
PRD00330,ST003,420,50
PRD00330,ST006,30,50
PRD00330,ST007,260,50
PRD00330,ST010,302,50
PRD00331,ST001,78,50
PRD00331,ST002,127,50
PRD00331,ST004,465,50
PRD00331,ST006,232,50
PRD00331,ST008,327,50
PRD00331,ST009,235,50
PRD00331,ST010,223,50
PRD00332,ST001,333,50
PRD00332,ST002,315,50
PRD00332,ST003,18,50
PRD00332,ST004,60,50
PRD00332,ST005,433,50
PRD00332,ST006,333,50
PRD00332,ST007,12,50
PRD00332,ST008,357,50
PRD00332,ST010,283,50
PRD00333,ST001,491,50
PRD00333,ST003,249,50
PRD00333,ST004,175,50
PRD00333,ST005,373,50
PRD00333,ST006,39,50
PRD00333,ST008,451,50
PRD00333,ST009,296,50
PRD00334,ST003,168,50
PRD00334,ST004,439,50
PRD00334,ST005,352,50
PRD00334,ST006,223,50
PRD00334,ST007,241,50
PRD00334,ST010,157,50
PRD00335,ST003,282,50
PRD00335,ST004,452,50
PRD00335,ST005,320,50
PRD00335,ST006,14,50
PRD00335,ST007,472,50
PRD00335,ST008,377,50
PRD00335,ST009,232,50
PRD00335,ST010,236,50
PRD00336,ST002,181,50
PRD00336,ST003,263,50
PRD00336,ST005,212,50
PRD00336,ST007,381,50
PRD00336,ST008,398,50
PRD00336,ST010,370,50
PRD00337,ST003,284,50
PRD00337,ST004,287,50
PRD00337,ST007,166,50
PRD00337,ST008,339,50
PRD00337,ST009,336,50
PRD00338,ST002,346,50
PRD00338,ST003,452,50
PRD00338,ST004,423,50
PRD00338,ST006,307,50
PRD00338,ST007,115,50
PRD00338,ST010,75,50
PRD00339,ST001,224,50
PRD00339,ST002,78,50
PRD00339,ST003,113,50
PRD00339,ST004,385,50
PRD00339,ST005,427,50
PRD00339,ST006,418,50
PRD00339,ST007,421,50
PRD00339,ST008,5,50
PRD00339,ST010,434,50
PRD00340,ST001,495,50
PRD00340,ST005,239,50
PRD00340,ST006,425,50
PRD00340,ST007,159,50
PRD00340,ST008,370,50
PRD00340,ST009,303,50
PRD00341,ST001,265,50
PRD00341,ST002,440,50
PRD00341,ST003,275,50
PRD00341,ST004,470,50
PRD00341,ST005,496,50
PRD00341,ST007,80,50
PRD00341,ST008,419,50
PRD00341,ST009,413,50
PRD00342,ST002,328,50
PRD00342,ST003,188,50
PRD00342,ST005,175,50
PRD00342,ST006,19,50
PRD00342,ST008,4,50
PRD00342,ST009,449,50
PRD00343,ST002,297,50
PRD00343,ST004,451,50
PRD00343,ST006,104,50
PRD00343,ST007,206,50
PRD00343,ST008,427,50
PRD00343,ST009,116,50
PRD00343,ST010,400,50
PRD00344,ST001,375,50
PRD00344,ST002,406,50
PRD00344,ST003,348,50
PRD00344,ST004,56,50
PRD00344,ST005,110,50
PRD00344,ST006,292,50
PRD00344,ST008,26,50
PRD00344,ST009,148,50
PRD00344,ST010,19,50
PRD00345,ST002,90,50
PRD00345,ST003,300,50
PRD00345,ST004,188,50
PRD00345,ST005,495,50
PRD00345,ST007,445,50
PRD00345,ST008,399,50
PRD00345,ST010,431,50
PRD00346,ST001,55,50
PRD00346,ST002,469,50
PRD00346,ST003,350,50
PRD00346,ST004,85,50
PRD00346,ST005,319,50
PRD00346,ST006,72,50
PRD00346,ST007,337,50
PRD00347,ST001,45,50
PRD00347,ST002,164,50
PRD00347,ST004,191,50
PRD00347,ST005,376,50
PRD00347,ST006,81,50
PRD00347,ST008,430,50
PRD00347,ST009,478,50
PRD00347,ST010,403,50
PRD00348,ST001,269,50
PRD00348,ST002,219,50
PRD00348,ST003,294,50
PRD00348,ST004,495,50
PRD00348,ST005,464,50
PRD00348,ST006,237,50
PRD00348,ST007,447,50
PRD00348,ST008,107,50
PRD00348,ST009,165,50
PRD00349,ST001,470,50
PRD00349,ST002,31,50
PRD00349,ST003,482,50
PRD00349,ST004,241,50
PRD00349,ST007,93,50
PRD00349,ST009,423,50
PRD00349,ST010,393,50
PRD00350,ST001,488,50
PRD00350,ST002,255,50
PRD00350,ST003,469,50
PRD00350,ST005,129,50
PRD00350,ST006,16,50
PRD00350,ST009,152,50
PRD00351,ST002,386,50
PRD00351,ST003,178,50
PRD00351,ST004,153,50
PRD00351,ST005,187,50
PRD00351,ST006,88,50
PRD00351,ST007,93,50
PRD00351,ST008,424,50
PRD00352,ST001,186,50
PRD00352,ST002,119,50
PRD00352,ST003,125,50
PRD00352,ST004,301,50
PRD00352,ST005,214,50
PRD00352,ST007,105,50
PRD00352,ST010,351,50
PRD00353,ST001,464,50
PRD00353,ST002,317,50
PRD00353,ST004,45,50
PRD00353,ST005,79,50
PRD00353,ST006,198,50
PRD00353,ST008,441,50
PRD00353,ST009,186,50
PRD00353,ST010,384,50
PRD00354,ST001,230,50
PRD00354,ST003,133,50
PRD00354,ST004,248,50
PRD00354,ST005,372,50
PRD00354,ST006,230,50
PRD00354,ST007,262,50
PRD00354,ST009,418,50
PRD00354,ST010,109,50
PRD00355,ST001,169,50
PRD00355,ST002,426,50
PRD00355,ST003,56,50
PRD00355,ST004,147,50
PRD00355,ST005,122,50
PRD00355,ST006,115,50
PRD00355,ST007,225,50
PRD00355,ST008,59,50
PRD00355,ST010,313,50
PRD00356,ST003,416,50
PRD00356,ST005,187,50
PRD00356,ST007,153,50
PRD00356,ST010,358,50
PRD00357,ST001,480,50
PRD00357,ST002,461,50
PRD00357,ST003,495,50
PRD00357,ST004,247,50
PRD00357,ST007,105,50
PRD00357,ST008,96,50
PRD00357,ST009,416,50
PRD00357,ST010,439,50
PRD00358,ST001,37,50
PRD00358,ST002,0,50
PRD00358,ST003,128,50
PRD00358,ST004,248,50
PRD00358,ST005,396,50
PRD00358,ST008,115,50
PRD00358,ST009,184,50
PRD00358,ST010,223,50
PRD00359,ST001,215,50
PRD00359,ST002,107,50
PRD00359,ST004,172,50
PRD00359,ST005,404,50
PRD00359,ST007,295,50
PRD00359,ST008,208,50
PRD00359,ST009,360,50
PRD00360,ST003,201,50
PRD00360,ST006,347,50
PRD00360,ST007,431,50
PRD00360,ST008,91,50
PRD00360,ST009,71,50
PRD00361,ST001,133,50
PRD00361,ST002,31,50
PRD00361,ST005,450,50
PRD00361,ST007,0,50
PRD00361,ST009,107,50
PRD00361,ST010,493,50
PRD00362,ST001,231,50
PRD00362,ST002,19,50
PRD00362,ST003,367,50
PRD00362,ST004,47,50
PRD00362,ST006,265,50
PRD00362,ST008,40,50
PRD00362,ST009,132,50
PRD00362,ST010,428,50
PRD00363,ST001,421,50
PRD00363,ST002,14,50
PRD00363,ST003,313,50
PRD00363,ST004,297,50
PRD00363,ST006,373,50
PRD00363,ST007,421,50
PRD00363,ST010,452,50
PRD00364,ST001,180,50
PRD00364,ST002,90,50
PRD00364,ST003,87,50
PRD00364,ST004,142,50
PRD00364,ST005,249,50
PRD00364,ST007,367,50
PRD00364,ST008,58,50
PRD00364,ST009,440,50
PRD00365,ST001,11,50
PRD00365,ST002,177,50
PRD00365,ST003,217,50
PRD00365,ST007,184,50
PRD00365,ST008,390,50
PRD00365,ST010,378,50
PRD00366,ST001,38,50
PRD00366,ST003,343,50
PRD00366,ST005,389,50
PRD00366,ST006,422,50
PRD00366,ST007,361,50
PRD00366,ST009,361,50
PRD00366,ST010,75,50
PRD00367,ST001,155,50
PRD00367,ST002,119,50
PRD00367,ST004,384,50
PRD00367,ST005,129,50
PRD00367,ST006,76,50
PRD00367,ST007,295,50
PRD00367,ST008,235,50
PRD00367,ST010,322,50
PRD00368,ST003,206,50
PRD00368,ST005,413,50
PRD00368,ST006,414,50
PRD00368,ST008,435,50
PRD00368,ST010,308,50
PRD00369,ST001,449,50
PRD00369,ST002,350,50
PRD00369,ST003,28,50
PRD00369,ST006,225,50
PRD00369,ST009,59,50
PRD00369,ST010,250,50
PRD00370,ST001,60,50
PRD00370,ST002,379,50
PRD00370,ST003,311,50
PRD00370,ST005,239,50
PRD00370,ST006,91,50
PRD00370,ST007,303,50
PRD00370,ST010,228,50
PRD00371,ST001,87,50
PRD00371,ST002,290,50
PRD00371,ST003,313,50
PRD00371,ST005,95,50
PRD00371,ST006,15,50
PRD00371,ST007,461,50
PRD00371,ST008,353,50
PRD00371,ST009,11,50
PRD00371,ST010,226,50
PRD00372,ST001,379,50
PRD00372,ST003,349,50
PRD00372,ST006,249,50
PRD00372,ST007,265,50
PRD00372,ST008,302,50
PRD00372,ST009,402,50
PRD00372,ST010,420,50
PRD00373,ST001,240,50
PRD00373,ST004,256,50
PRD00373,ST005,317,50
PRD00373,ST006,71,50
PRD00373,ST007,482,50
PRD00373,ST009,184,50
PRD00374,ST002,309,50
PRD00374,ST003,327,50
PRD00374,ST004,63,50
PRD00374,ST005,431,50
PRD00374,ST006,166,50
PRD00374,ST008,451,50
PRD00374,ST009,5,50
PRD00375,ST001,472,50
PRD00375,ST002,382,50
PRD00375,ST003,489,50
PRD00375,ST006,359,50
PRD00375,ST008,156,50
PRD00375,ST009,162,50
PRD00376,ST003,362,50
PRD00376,ST004,154,50
PRD00376,ST005,275,50
PRD00376,ST006,136,50
PRD00376,ST007,176,50
PRD00376,ST008,494,50
PRD00376,ST009,26,50
PRD00377,ST001,392,50
PRD00377,ST002,454,50
PRD00377,ST004,316,50
PRD00377,ST005,359,50
PRD00377,ST008,190,50
PRD00377,ST010,459,50
PRD00378,ST001,37,50
PRD00378,ST002,409,50
PRD00378,ST004,82,50
PRD00378,ST007,475,50
PRD00378,ST008,142,50
PRD00378,ST009,176,50
PRD00379,ST001,269,50
PRD00379,ST002,1,50
PRD00379,ST003,251,50
PRD00379,ST005,282,50
PRD00379,ST006,179,50
PRD00380,ST001,290,50
PRD00380,ST004,381,50
PRD00380,ST005,309,50
PRD00380,ST006,37,50
PRD00380,ST008,258,50
PRD00380,ST009,289,50
PRD00380,ST010,370,50
PRD00381,ST001,1,50
PRD00381,ST002,238,50
PRD00381,ST005,145,50
PRD00381,ST007,289,50
PRD00381,ST008,473,50
PRD00381,ST010,39,50
PRD00382,ST001,452,50
PRD00382,ST002,314,50
PRD00382,ST003,24,50
PRD00382,ST005,311,50
PRD00382,ST007,207,50
PRD00382,ST009,224,50
PRD00382,ST010,348,50
PRD00383,ST001,454,50
PRD00383,ST002,132,50
PRD00383,ST005,78,50
PRD00383,ST007,167,50
PRD00383,ST008,108,50
PRD00383,ST009,191,50
PRD00383,ST010,359,50
PRD00384,ST004,300,50
PRD00384,ST005,168,50
PRD00384,ST006,145,50
PRD00384,ST007,0,50
PRD00384,ST008,362,50
PRD00384,ST009,44,50
PRD00384,ST010,138,50
PRD00385,ST002,292,50
PRD00385,ST003,385,50
PRD00385,ST005,383,50
PRD00385,ST007,446,50
PRD00385,ST009,324,50
PRD00385,ST010,477,50
PRD00386,ST001,289,50
PRD00386,ST005,343,50
PRD00386,ST006,267,50
PRD00386,ST008,155,50
PRD00386,ST010,461,50
PRD00387,ST001,366,50
PRD00387,ST002,470,50
PRD00387,ST003,62,50
PRD00387,ST004,131,50
PRD00387,ST005,248,50
PRD00387,ST006,267,50
PRD00387,ST010,117,50
PRD00388,ST001,0,50
PRD00388,ST002,371,50
PRD00388,ST003,4,50
PRD00388,ST004,291,50
PRD00388,ST005,489,50
PRD00388,ST006,454,50
PRD00388,ST007,362,50
PRD00388,ST008,200,50
PRD00388,ST009,471,50
PRD00388,ST010,367,50
PRD00389,ST001,313,50
PRD00389,ST002,402,50
PRD00389,ST004,479,50
PRD00389,ST005,346,50
PRD00389,ST006,446,50
PRD00389,ST008,337,50
PRD00390,ST001,479,50
PRD00390,ST003,260,50
PRD00390,ST004,277,50
PRD00390,ST005,308,50
PRD00390,ST006,49,50
PRD00390,ST007,409,50
PRD00390,ST008,225,50
PRD00390,ST009,328,50
PRD00391,ST002,292,50
PRD00391,ST003,384,50
PRD00391,ST005,186,50
PRD00391,ST006,249,50
PRD00391,ST007,377,50
PRD00391,ST008,287,50
PRD00391,ST010,328,50
PRD00392,ST001,177,50
PRD00392,ST003,157,50
PRD00392,ST008,307,50
PRD00392,ST010,50,50
PRD00393,ST001,439,50
PRD00393,ST002,167,50
PRD00393,ST004,284,50
PRD00393,ST005,197,50
PRD00393,ST006,473,50
PRD00393,ST007,55,50
PRD00393,ST008,170,50
PRD00393,ST010,14,50
PRD00394,ST001,122,50
PRD00394,ST004,386,50
PRD00394,ST006,444,50
PRD00394,ST007,405,50
PRD00394,ST008,433,50
PRD00394,ST010,430,50
PRD00395,ST002,184,50
PRD00395,ST004,299,50
PRD00395,ST006,307,50
PRD00395,ST007,324,50
PRD00395,ST008,481,50
PRD00395,ST009,72,50
PRD00395,ST010,81,50
PRD00396,ST002,302,50
PRD00396,ST003,96,50
PRD00396,ST004,312,50
PRD00396,ST005,130,50
PRD00396,ST006,40,50
PRD00396,ST009,380,50
PRD00396,ST010,144,50
PRD00397,ST001,21,50
PRD00397,ST002,27,50
PRD00397,ST004,342,50
PRD00397,ST006,358,50
PRD00397,ST007,153,50
PRD00397,ST009,198,50
PRD00397,ST010,187,50
PRD00398,ST001,230,50
PRD00398,ST002,263,50
PRD00398,ST003,420,50
PRD00398,ST004,147,50
PRD00398,ST008,45,50
PRD00398,ST009,476,50
PRD00399,ST001,327,50
PRD00399,ST002,475,50
PRD00399,ST004,134,50
PRD00399,ST005,66,50
PRD00399,ST008,173,50
PRD00399,ST010,407,50
PRD00400,ST001,437,50
PRD00400,ST002,268,50
PRD00400,ST003,429,50
PRD00400,ST004,29,50
PRD00400,ST005,394,50
PRD00400,ST008,124,50
PRD00400,ST009,46,50
PRD00401,ST001,250,50
PRD00401,ST003,52,50
PRD00401,ST004,203,50
PRD00401,ST005,227,50
PRD00401,ST006,131,50
PRD00401,ST007,45,50
PRD00401,ST008,443,50
PRD00401,ST010,217,50
PRD00402,ST002,267,50
PRD00402,ST003,408,50
PRD00402,ST004,160,50
PRD00402,ST005,42,50
PRD00402,ST006,25,50
PRD00402,ST009,493,50
PRD00403,ST002,408,50
PRD00403,ST003,319,50
PRD00403,ST004,377,50
PRD00403,ST005,417,50
PRD00403,ST006,30,50
PRD00403,ST009,150,50
PRD00404,ST001,84,50
PRD00404,ST002,440,50
PRD00404,ST004,277,50
PRD00404,ST005,124,50
PRD00404,ST006,10,50
PRD00404,ST007,156,50
PRD00404,ST009,83,50
PRD00405,ST001,485,50
PRD00405,ST002,174,50
PRD00405,ST003,469,50
PRD00405,ST004,410,50
PRD00405,ST005,14,50
PRD00405,ST006,209,50
PRD00405,ST007,6,50
PRD00405,ST008,337,50
PRD00405,ST009,175,50
PRD00405,ST010,77,50
PRD00406,ST003,201,50
PRD00406,ST004,10,50
PRD00406,ST005,89,50
PRD00406,ST006,270,50
PRD00406,ST008,16,50
PRD00406,ST009,279,50
PRD00406,ST010,188,50
PRD00407,ST001,170,50
PRD00407,ST003,59,50
PRD00407,ST004,356,50
PRD00407,ST005,106,50
PRD00407,ST007,104,50
PRD00407,ST008,37,50
PRD00407,ST009,101,50
PRD00407,ST010,327,50
PRD00408,ST001,365,50
PRD00408,ST002,420,50
PRD00408,ST004,12,50
PRD00408,ST005,337,50
PRD00408,ST006,0,50
PRD00408,ST007,448,50
PRD00408,ST008,120,50
PRD00408,ST010,252,50
PRD00409,ST001,178,50
PRD00409,ST002,332,50
PRD00409,ST003,405,50
PRD00409,ST004,253,50
PRD00409,ST005,360,50
PRD00409,ST006,427,50
PRD00409,ST008,450,50
PRD00409,ST010,159,50
PRD00410,ST001,118,50
PRD00410,ST002,391,50
PRD00410,ST004,376,50
PRD00410,ST005,387,50
PRD00410,ST007,356,50
PRD00410,ST008,177,50
PRD00410,ST009,485,50
PRD00410,ST010,470,50
PRD00411,ST001,185,50
PRD00411,ST003,8,50
PRD00411,ST006,484,50
PRD00411,ST007,380,50
PRD00411,ST008,30,50
PRD00411,ST009,381,50
PRD00411,ST010,20,50
PRD00412,ST001,431,50
PRD00412,ST002,449,50
PRD00412,ST004,185,50
PRD00412,ST005,171,50
PRD00412,ST007,308,50
PRD00412,ST008,81,50
PRD00412,ST009,389,50
PRD00412,ST010,313,50
PRD00413,ST003,294,50
PRD00413,ST004,108,50
PRD00413,ST005,151,50
PRD00413,ST006,36,50
PRD00413,ST007,174,50
PRD00413,ST008,34,50
PRD00413,ST010,414,50
PRD00414,ST003,20,50
PRD00414,ST004,380,50
PRD00414,ST005,110,50
PRD00414,ST006,295,50
PRD00414,ST007,46,50
PRD00414,ST008,233,50
PRD00414,ST009,439,50
PRD00414,ST010,396,50
PRD00415,ST001,43,50
PRD00415,ST002,351,50
PRD00415,ST003,483,50
PRD00415,ST004,164,50
PRD00415,ST005,483,50
PRD00415,ST006,98,50
PRD00415,ST007,274,50
PRD00415,ST008,356,50
PRD00415,ST009,284,50
PRD00415,ST010,395,50
PRD00416,ST002,38,50
PRD00416,ST003,273,50
PRD00416,ST005,309,50
PRD00416,ST006,173,50
PRD00416,ST008,75,50
PRD00416,ST009,129,50
PRD00417,ST001,303,50
PRD00417,ST002,458,50
PRD00417,ST003,208,50
PRD00417,ST004,182,50
PRD00417,ST005,176,50
PRD00417,ST007,387,50
PRD00417,ST008,432,50
PRD00417,ST009,39,50
PRD00417,ST010,433,50
PRD00418,ST003,490,50
PRD00418,ST005,201,50
PRD00418,ST006,38,50
PRD00418,ST007,470,50
PRD00418,ST008,366,50
PRD00418,ST010,17,50
PRD00419,ST001,436,50
PRD00419,ST002,172,50
PRD00419,ST006,354,50
PRD00419,ST007,384,50
PRD00419,ST008,120,50
PRD00419,ST009,260,50
PRD00419,ST010,77,50
PRD00420,ST002,194,50
PRD00420,ST003,69,50
PRD00420,ST005,243,50
PRD00420,ST007,114,50
PRD00420,ST009,53,50
PRD00420,ST010,154,50
PRD00421,ST001,413,50
PRD00421,ST002,216,50
PRD00421,ST004,216,50
PRD00421,ST005,227,50
PRD00421,ST007,446,50
PRD00421,ST008,492,50
PRD00421,ST009,347,50
PRD00421,ST010,451,50
PRD00422,ST001,358,50
PRD00422,ST002,355,50
PRD00422,ST003,107,50
PRD00422,ST004,144,50
PRD00422,ST005,159,50
PRD00422,ST006,201,50
PRD00422,ST007,445,50
PRD00422,ST008,320,50
PRD00422,ST009,495,50
PRD00422,ST010,437,50
PRD00423,ST001,383,50
PRD00423,ST005,34,50
PRD00423,ST006,158,50
PRD00423,ST007,364,50
PRD00423,ST009,148,50
PRD00423,ST010,240,50
PRD00424,ST001,110,50
PRD00424,ST002,94,50
PRD00424,ST005,129,50
PRD00424,ST006,367,50
PRD00424,ST007,347,50
PRD00424,ST010,388,50
PRD00425,ST002,24,50
PRD00425,ST003,21,50
PRD00425,ST004,71,50
PRD00425,ST005,244,50
PRD00425,ST006,112,50
PRD00425,ST008,49,50
PRD00425,ST009,173,50
PRD00425,ST010,462,50
PRD00426,ST001,332,50
PRD00426,ST004,132,50
PRD00426,ST005,224,50
PRD00426,ST006,139,50
PRD00426,ST007,216,50
PRD00426,ST008,206,50
PRD00426,ST009,65,50
PRD00427,ST001,189,50
PRD00427,ST002,267,50
PRD00427,ST005,204,50
PRD00427,ST007,443,50
PRD00427,ST008,114,50
PRD00427,ST009,123,50
PRD00427,ST010,9,50
PRD00428,ST003,287,50
PRD00428,ST004,216,50
PRD00428,ST005,460,50
PRD00428,ST006,170,50
PRD00428,ST009,475,50
PRD00429,ST001,485,50
PRD00429,ST002,248,50
PRD00429,ST004,203,50
PRD00429,ST005,386,50
PRD00429,ST007,297,50
PRD00429,ST008,69,50
PRD00429,ST009,59,50
PRD00430,ST001,134,50
PRD00430,ST002,217,50
PRD00430,ST003,439,50
PRD00430,ST004,2,50
PRD00430,ST006,439,50
PRD00431,ST001,408,50
PRD00431,ST002,459,50
PRD00431,ST003,416,50
PRD00431,ST005,449,50
PRD00431,ST006,274,50
PRD00431,ST009,210,50
PRD00432,ST001,381,50
PRD00432,ST003,72,50
PRD00432,ST004,470,50
PRD00432,ST005,320,50
PRD00432,ST006,239,50
PRD00432,ST009,222,50
PRD00432,ST010,158,50
PRD00433,ST001,412,50
PRD00433,ST002,356,50
PRD00433,ST005,90,50
PRD00433,ST006,157,50
PRD00433,ST007,100,50
PRD00433,ST008,235,50
PRD00433,ST009,249,50
PRD00433,ST010,300,50
PRD00434,ST001,65,50
PRD00434,ST006,213,50
PRD00434,ST007,63,50
PRD00434,ST008,82,50
PRD00434,ST009,270,50
PRD00434,ST010,81,50
PRD00435,ST003,297,50
PRD00435,ST004,118,50
PRD00435,ST006,121,50
PRD00435,ST007,4,50
PRD00435,ST008,329,50
PRD00435,ST009,462,50
PRD00436,ST001,195,50
PRD00436,ST003,323,50
PRD00436,ST005,407,50
PRD00436,ST006,307,50
PRD00436,ST008,100,50
PRD00436,ST009,448,50
PRD00436,ST010,439,50
PRD00437,ST001,391,50
PRD00437,ST004,441,50
PRD00437,ST005,133,50
PRD00437,ST006,77,50
PRD00437,ST007,409,50
PRD00437,ST008,253,50
PRD00437,ST009,289,50
PRD00438,ST002,273,50
PRD00438,ST005,452,50
PRD00438,ST006,34,50
PRD00438,ST007,227,50
PRD00438,ST008,200,50
PRD00438,ST009,458,50
PRD00438,ST010,10,50
PRD00439,ST001,356,50
PRD00439,ST003,105,50
PRD00439,ST004,278,50
PRD00439,ST005,352,50
PRD00439,ST006,63,50
PRD00439,ST007,440,50
PRD00439,ST008,62,50
PRD00439,ST009,135,50
PRD00439,ST010,475,50
PRD00440,ST001,401,50
PRD00440,ST002,80,50
PRD00440,ST003,195,50
PRD00440,ST004,186,50
PRD00440,ST005,159,50
PRD00440,ST008,76,50
PRD00440,ST009,385,50
PRD00440,ST010,231,50
PRD00441,ST002,392,50
PRD00441,ST003,454,50
PRD00441,ST005,161,50
PRD00441,ST007,190,50
PRD00441,ST008,230,50
PRD00441,ST009,375,50
PRD00442,ST004,306,50
PRD00442,ST006,428,50
PRD00442,ST007,231,50
PRD00442,ST008,178,50
PRD00442,ST009,36,50
PRD00442,ST010,470,50
PRD00443,ST003,362,50
PRD00443,ST004,221,50
PRD00443,ST005,290,50
PRD00443,ST007,165,50
PRD00443,ST008,311,50
PRD00443,ST009,144,50
PRD00443,ST010,49,50
PRD00444,ST001,39,50
PRD00444,ST002,240,50
PRD00444,ST003,474,50
PRD00444,ST005,160,50
PRD00444,ST006,466,50
PRD00444,ST008,405,50
PRD00444,ST009,59,50
PRD00444,ST010,66,50
PRD00445,ST004,30,50
PRD00445,ST005,107,50
PRD00445,ST006,78,50
PRD00445,ST007,340,50
PRD00445,ST008,419,50
PRD00445,ST010,431,50
PRD00446,ST001,190,50
PRD00446,ST002,449,50
PRD00446,ST003,263,50
PRD00446,ST004,397,50
PRD00446,ST005,472,50
PRD00446,ST006,387,50
PRD00446,ST007,62,50
PRD00446,ST009,253,50
PRD00446,ST010,118,50
PRD00447,ST002,106,50
PRD00447,ST004,236,50
PRD00447,ST007,350,50
PRD00447,ST008,353,50
PRD00448,ST002,204,50
PRD00448,ST003,281,50
PRD00448,ST004,22,50
PRD00448,ST005,443,50
PRD00448,ST006,55,50
PRD00448,ST007,309,50
PRD00448,ST008,138,50
PRD00448,ST009,301,50
PRD00448,ST010,452,50
PRD00449,ST002,355,50
PRD00449,ST003,119,50
PRD00449,ST004,127,50
PRD00449,ST005,451,50
PRD00449,ST007,167,50
PRD00449,ST009,306,50
PRD00450,ST001,488,50
PRD00450,ST002,304,50
PRD00450,ST003,31,50
PRD00450,ST005,157,50
PRD00450,ST007,164,50
PRD00450,ST008,56,50
PRD00450,ST009,422,50
PRD00450,ST010,327,50
PRD00451,ST001,173,50
PRD00451,ST002,32,50
PRD00451,ST004,207,50
PRD00451,ST005,413,50
PRD00451,ST006,237,50
PRD00451,ST007,9,50
PRD00451,ST009,364,50
PRD00452,ST001,279,50
PRD00452,ST004,84,50
PRD00452,ST005,3,50
PRD00452,ST007,369,50
PRD00452,ST008,451,50
PRD00452,ST010,162,50
PRD00453,ST001,457,50
PRD00453,ST002,19,50
PRD00453,ST003,416,50
PRD00453,ST004,97,50
PRD00453,ST005,275,50
PRD00453,ST007,401,50
PRD00453,ST008,139,50
PRD00453,ST009,486,50
PRD00453,ST010,489,50
PRD00454,ST001,72,50
PRD00454,ST002,36,50
PRD00454,ST003,124,50
PRD00454,ST008,183,50
PRD00454,ST010,217,50
PRD00455,ST001,303,50
PRD00455,ST002,370,50
PRD00455,ST003,491,50
PRD00455,ST004,393,50
PRD00455,ST005,92,50
PRD00455,ST007,444,50
PRD00455,ST008,157,50
PRD00455,ST010,190,50
PRD00456,ST001,24,50
PRD00456,ST002,311,50
PRD00456,ST004,355,50
PRD00456,ST007,121,50
PRD00456,ST009,247,50
PRD00456,ST010,51,50
PRD00457,ST001,342,50
PRD00457,ST002,171,50
PRD00457,ST004,453,50
PRD00457,ST005,140,50
PRD00457,ST006,269,50
PRD00457,ST008,13,50
PRD00457,ST009,308,50
PRD00457,ST010,421,50
PRD00458,ST001,43,50
PRD00458,ST004,408,50
PRD00458,ST006,74,50
PRD00458,ST009,273,50
PRD00458,ST010,227,50
PRD00459,ST002,146,50
PRD00459,ST003,441,50
PRD00459,ST005,108,50
PRD00459,ST007,303,50
PRD00459,ST008,423,50
PRD00459,ST009,476,50
PRD00459,ST010,28,50
PRD00460,ST001,76,50
PRD00460,ST002,84,50
PRD00460,ST004,216,50
PRD00460,ST005,51,50
PRD00460,ST007,54,50
PRD00460,ST008,105,50
PRD00460,ST009,311,50
PRD00461,ST001,223,50
PRD00461,ST002,53,50
PRD00461,ST003,400,50
PRD00461,ST005,1,50
PRD00461,ST006,97,50
PRD00461,ST008,328,50
PRD00461,ST010,214,50
PRD00462,ST001,200,50
PRD00462,ST003,83,50
PRD00462,ST004,388,50
PRD00462,ST005,21,50
PRD00462,ST006,389,50
PRD00462,ST007,42,50
PRD00462,ST009,393,50
PRD00462,ST010,407,50
PRD00463,ST001,393,50
PRD00463,ST003,484,50
PRD00463,ST004,49,50
PRD00463,ST005,321,50
PRD00463,ST006,223,50
PRD00463,ST008,110,50
PRD00463,ST009,248,50
PRD00463,ST010,256,50
PRD00464,ST002,74,50
PRD00464,ST005,16,50
PRD00464,ST006,304,50
PRD00464,ST007,455,50
PRD00464,ST008,8,50
PRD00464,ST009,416,50
PRD00465,ST001,30,50
PRD00465,ST002,339,50
PRD00465,ST004,348,50
PRD00465,ST005,123,50
PRD00465,ST006,296,50
PRD00465,ST007,397,50
PRD00465,ST010,13,50
PRD00466,ST002,299,50
PRD00466,ST003,90,50
PRD00466,ST004,183,50
PRD00466,ST005,303,50
PRD00466,ST006,416,50
PRD00466,ST008,487,50
PRD00466,ST010,103,50
PRD00467,ST001,402,50
PRD00467,ST003,477,50
PRD00467,ST004,437,50
PRD00467,ST005,488,50
PRD00467,ST006,402,50
PRD00467,ST007,461,50
PRD00467,ST008,315,50
PRD00467,ST010,364,50
PRD00468,ST002,158,50
PRD00468,ST003,82,50
PRD00468,ST004,39,50
PRD00468,ST007,443,50
PRD00468,ST009,476,50
PRD00469,ST001,146,50
PRD00469,ST002,285,50
PRD00469,ST003,288,50
PRD00469,ST004,42,50
PRD00469,ST006,68,50
PRD00469,ST007,391,50
PRD00469,ST008,61,50
PRD00469,ST010,31,50
PRD00470,ST001,52,50
PRD00470,ST003,83,50
PRD00470,ST004,198,50
PRD00470,ST005,96,50
PRD00470,ST006,423,50
PRD00471,ST001,229,50
PRD00471,ST002,475,50
PRD00471,ST003,470,50
PRD00471,ST005,333,50
PRD00471,ST006,332,50
PRD00471,ST007,19,50
PRD00471,ST009,260,50
PRD00472,ST001,218,50
PRD00472,ST003,299,50
PRD00472,ST004,226,50
PRD00472,ST005,355,50
PRD00472,ST006,72,50
PRD00472,ST007,87,50
PRD00472,ST009,397,50
PRD00472,ST010,241,50
PRD00473,ST003,184,50
PRD00473,ST004,86,50
PRD00473,ST005,309,50
PRD00473,ST006,20,50
PRD00473,ST007,149,50
PRD00473,ST008,221,50
PRD00473,ST009,32,50
PRD00474,ST001,324,50
PRD00474,ST002,215,50
PRD00474,ST003,335,50
PRD00474,ST004,482,50
PRD00474,ST005,281,50
PRD00474,ST006,319,50
PRD00474,ST007,362,50
PRD00474,ST008,495,50
PRD00474,ST009,53,50
PRD00474,ST010,446,50
PRD00475,ST001,496,50
PRD00475,ST003,429,50
PRD00475,ST004,375,50
PRD00475,ST006,378,50
PRD00475,ST007,165,50
PRD00475,ST010,486,50
PRD00476,ST001,495,50
PRD00476,ST002,212,50
PRD00476,ST003,64,50
PRD00476,ST004,167,50
PRD00476,ST005,426,50
PRD00476,ST007,296,50
PRD00476,ST009,266,50
PRD00476,ST010,409,50
PRD00477,ST001,278,50
PRD00477,ST002,155,50
PRD00477,ST003,118,50
PRD00477,ST004,1,50
PRD00477,ST008,340,50
PRD00477,ST010,368,50
PRD00478,ST001,126,50
PRD00478,ST003,225,50
PRD00478,ST005,439,50
PRD00478,ST006,83,50
PRD00478,ST008,472,50
PRD00478,ST009,172,50
PRD00478,ST010,250,50
PRD00479,ST001,151,50
PRD00479,ST002,465,50
PRD00479,ST005,30,50
PRD00479,ST006,153,50
PRD00479,ST007,343,50
PRD00479,ST008,376,50
PRD00479,ST009,181,50
PRD00479,ST010,25,50
PRD00480,ST001,363,50
PRD00480,ST002,203,50
PRD00480,ST003,94,50
PRD00480,ST004,362,50
PRD00480,ST007,491,50
PRD00480,ST008,95,50
PRD00480,ST009,341,50
PRD00480,ST010,333,50
PRD00481,ST001,280,50
PRD00481,ST002,18,50
PRD00481,ST004,345,50
PRD00481,ST005,325,50
PRD00481,ST009,3,50
PRD00482,ST001,487,50
PRD00482,ST002,197,50
PRD00482,ST005,90,50
PRD00482,ST006,391,50
PRD00482,ST010,142,50
PRD00483,ST001,299,50
PRD00483,ST002,476,50
PRD00483,ST003,324,50
PRD00483,ST004,155,50
PRD00483,ST005,72,50
PRD00483,ST006,409,50
PRD00483,ST008,108,50
PRD00483,ST009,211,50
PRD00484,ST001,264,50
PRD00484,ST002,194,50
PRD00484,ST004,410,50
PRD00484,ST005,470,50
PRD00484,ST006,286,50
PRD00484,ST007,176,50
PRD00484,ST008,158,50
PRD00484,ST009,115,50
PRD00484,ST010,372,50
PRD00485,ST002,154,50
PRD00485,ST003,54,50
PRD00485,ST004,105,50
PRD00485,ST005,170,50
PRD00485,ST006,405,50
PRD00485,ST007,391,50
PRD00485,ST008,22,50
PRD00485,ST009,82,50
PRD00485,ST010,391,50
PRD00486,ST002,482,50
PRD00486,ST003,384,50
PRD00486,ST004,324,50
PRD00486,ST005,117,50
PRD00486,ST007,39,50
PRD00486,ST008,34,50
PRD00486,ST009,123,50
PRD00486,ST010,227,50
PRD00487,ST001,304,50
PRD00487,ST002,71,50
PRD00487,ST005,379,50
PRD00487,ST008,298,50
PRD00487,ST010,173,50
PRD00488,ST002,214,50
PRD00488,ST003,185,50
PRD00488,ST004,491,50
PRD00488,ST005,425,50
PRD00488,ST006,352,50
PRD00488,ST008,357,50
PRD00488,ST009,409,50
PRD00488,ST010,399,50
PRD00489,ST002,105,50
PRD00489,ST003,116,50
PRD00489,ST004,267,50
PRD00489,ST005,90,50
PRD00489,ST006,471,50
PRD00489,ST007,394,50
PRD00489,ST008,212,50
PRD00489,ST009,44,50
PRD00489,ST010,351,50
PRD00490,ST002,327,50
PRD00490,ST003,15,50
PRD00490,ST004,315,50
PRD00490,ST006,439,50
PRD00490,ST008,430,50
PRD00491,ST001,318,50
PRD00491,ST002,110,50
PRD00491,ST003,17,50
PRD00491,ST004,199,50
PRD00491,ST005,152,50
PRD00491,ST007,188,50
PRD00492,ST002,74,50
PRD00492,ST004,236,50
PRD00492,ST005,492,50
PRD00492,ST006,318,50
PRD00492,ST007,440,50
PRD00492,ST008,252,50
PRD00492,ST010,41,50
PRD00493,ST001,17,50
PRD00493,ST004,320,50
PRD00493,ST005,258,50
PRD00493,ST007,100,50
PRD00493,ST008,32,50
PRD00493,ST009,365,50
PRD00494,ST001,180,50
PRD00494,ST004,218,50
PRD00494,ST005,423,50
PRD00494,ST006,145,50
PRD00494,ST007,19,50
PRD00494,ST008,345,50
PRD00494,ST009,21,50
PRD00494,ST010,320,50
PRD00495,ST001,23,50
PRD00495,ST002,397,50
PRD00495,ST003,121,50
PRD00495,ST004,143,50
PRD00495,ST005,228,50
PRD00495,ST006,370,50
PRD00495,ST007,32,50
PRD00495,ST009,391,50
PRD00496,ST001,74,50
PRD00496,ST002,41,50
PRD00496,ST003,350,50
PRD00496,ST004,93,50
PRD00496,ST005,142,50
PRD00496,ST006,330,50
PRD00496,ST008,427,50
PRD00496,ST009,291,50
PRD00496,ST010,60,50
PRD00497,ST001,132,50
PRD00497,ST002,53,50
PRD00497,ST003,36,50
PRD00497,ST004,346,50
PRD00497,ST005,194,50
PRD00497,ST006,153,50
PRD00497,ST007,19,50
PRD00497,ST008,302,50
PRD00497,ST009,479,50
PRD00497,ST010,260,50
PRD00498,ST001,369,50
PRD00498,ST002,317,50
PRD00498,ST003,94,50
PRD00498,ST005,381,50
PRD00498,ST006,476,50
PRD00498,ST007,318,50
PRD00498,ST009,361,50
PRD00498,ST010,46,50
